event,ADM_CD,SIDO,SIGUNGU,EMD,positive,mean_prob,p90_prob,unit_area_m2,pixel_count
pohang_2022,37011310,경상북도,경상북도 포항시,대송면,1,1.0,1.0,32545556.298662115,823
pohang_2022,37011320,경상북도,경상북도 포항시,동해면,1,0.541725361591241,1.0,44227074.814147644,29588
pohang_2022,37011550,경상북도,경상북도 포항시,송도동,0,0.96222357207486,1.0,2220743.716908307,2469
pohang_2022,37011560,경상북도,경상북도 포항시,청림동,0,0.9535035140345068,1.0,6857751.685081772,7541
pohang_2022,37011570,경상북도,경상북도 포항시,제철동,1,0.9359859017830018,1.0,21053147.20873686,20570
pohang_2022,37011580,경상북도,경상북도 포항시,효곡동,0,0.9330791652079153,1.0,5880715.445787152,6518
pohang_2022,37011590,경상북도,경상북도 포항시,대이동,0,0.9094595087206857,1.0,4928200.580130588,5458
pohang_2022,37011600,경상북도,경상북도 포항시,상대동,0,0.9701730917983876,1.0,3433270.435078629,3813
pohang_2022,37011610,경상북도,경상북도 포항시,해도동,0,0.9903539820610228,1.0,1940011.3499734749,2147
pohang_2022,37012110,경상북도,경상북도 포항시,흥해읍,0,0.7823941868770538,1.0,107993196.79194345,119715
pohang_2022,37012310,경상북도,경상북도 포항시,신광면,0,0.5067444011366049,1.0,79974983.66575406,88721
pohang_2022,37012320,경상북도,경상북도 포항시,청하면,0,0.5431332054126123,1.0,78209413.67787951,75185
pohang_2022,37012330,경상북도,경상북도 포항시,송라면,0,0.0,0.0,59499596.108827405,6127
pohang_2022,37012340,경상북도,경상북도 포항시,기계면,0,0.5010359995529475,1.0,91782666.09600341,55917
pohang_2022,37012350,경상북도,경상북도 포항시,죽장면,0,0.031352878110890575,0.03999999910593033,236169916.1391075,10267
pohang_2022,37012360,경상북도,경상북도 포항시,기북면,0,0.28162683228752844,1.0,52489374.53796785,32677
pohang_2022,37012580,경상북도,경상북도 포항시,양학동,0,0.8955122396376927,1.0,1986241.0742862872,2206
pohang_2022,37012610,경상북도,경상북도 포항시,용흥동,0,0.911383390196083,1.0,3964480.3399881786,4395
pohang_2022,37012630,경상북도,경상북도 포항시,우창동,0,0.9037963778984797,1.0,6255341.098736702,6954
pohang_2022,37012640,경상북도,경상북도 포항시,두호동,0,0.943022976042714,1.0,1491430.6889831705,1654
pohang_2022,37012650,경상북도,경상북도 포항시,장량동,0,0.9384404345145437,1.0,11228142.393335551,12465
pohang_2022,37012660,경상북도,경상북도 포항시,환여동,0,0.90229864180658,1.0,2453450.3761418327,2719
pohang_2022,37012670,경상북도,경상북도 포항시,중앙동,0,0.9441868652639862,1.0,2314686.227764467,2558
pohang_2022,37012680,경상북도,경상북도 포항시,죽도동,0,0.9674162213636753,1.0,1858132.388293404,2059
pohang_2022,37020120,경상북도,경상북도 경주시,안강읍,0,0.9685460910789866,1.0,138514156.07520592,40594
pohang_2022,37020370,경상북도,경상북도 경주시,강동면,0,0.7721296600283138,1.0,81020325.89041255,52121
pohang_2022,37011130,경상북도,경상북도 포항시,오천읍,1,1.0,1.0,70437840.36005296,1199
pohang_2022,37011110,경상북도,경상북도 포항시,구룡포읍,1,0.0,0.0,45512357.70158665,4530
pohang_2022,37011120,경상북도,경상북도 포항시,연일읍,1,0.7675691546321035,1.0,36103385.945868045,32355
yecheon_2023,32530380,강원도,강원도 영월군,김삿갓면,0,0.0,0.0,171264520.78755254,2
yecheon_2023,37090330,경상북도,경상북도 문경시,호계면,0,0.8194070663406267,1.0,53686029.39211054,59602
yecheon_2023,37090360,경상북도,경상북도 문경시,마성면,0,0.8665120342479322,1.0,75198681.08777948,83467
yecheon_2023,37090370,경상북도,경상북도 문경시,농암면,0,0.5095613659785586,1.0,103403552.33906409,114811
yecheon_2023,37090570,경상북도,경상북도 문경시,점촌1동,0,0.7313320265752679,1.0,920319.4986198515,1021
yecheon_2023,37090580,경상북도,경상북도 문경시,점촌2동,0,0.9049297445014122,1.0,4559221.848497204,5053
yecheon_2023,37040590,경상북도,경상북도 안동시,안기동,0,0.26318023398120716,1.0,7232610.017258616,8034
yecheon_2023,37040600,경상북도,경상북도 안동시,옥동,0,0.4849875104174694,1.0,4324425.784168286,4804
yecheon_2023,37040610,경상북도,경상북도 안동시,송하동,0,0.43104762788469264,1.0,9574921.267924314,10624
yecheon_2023,33030330,충청북도,충청북도 제천시,수산면,0,0.6094035629315062,1.0,88906128.49158005,98686
yecheon_2023,33580310,충청북도,충청북도 단양군,단성면,0,0.6890736582530199,1.0,73068290.41273901,81104
yecheon_2023,33580360,충청북도,충청북도 단양군,적성면,0,0.627771988990757,1.0,72410307.44443952,59129
yecheon_2023,37050110,경상북도,경상북도 구미시,선산읍,0,0.6455570868989455,1.0,67024850.50519553,4353
yecheon_2023,37050320,경상북도,경상북도 구미시,옥성면,0,0.5091032410503538,1.0,66434437.734967455,63763
yecheon_2023,37080110,경상북도,경상북도 상주시,함창읍,0,0.7230943904016311,1.0,43539489.33129983,48352
yecheon_2023,37080320,경상북도,경상북도 상주시,중동면,0,0.8916121544627799,1.0,52000993.39066685,57724
yecheon_2023,37080330,경상북도,경상북도 상주시,낙동면,0,0.543678238677488,1.0,90032183.88289706,99950
yecheon_2023,37080480,경상북도,경상북도 상주시,사벌국면,0,0.7240017419326065,1.0,56881431.560307264,63140
yecheon_2023,37080550,경상북도,경상북도 상주시,동문동,0,0.66864174705353,1.0,18038597.863658175,20011
yecheon_2023,37090310,경상북도,경상북도 문경시,영순면,0,0.6446730934244399,1.0,38872878.5166731,43147
yecheon_2023,37090320,경상북도,경상북도 문경시,산양면,0,0.5283275048460463,1.0,32981053.18936545,36604
yecheon_2023,37090340,경상북도,경상북도 문경시,산북면,0,0.4488046424363173,1.0,112326616.70555986,124674
yecheon_2023,37090350,경상북도,경상북도 문경시,동로면,0,0.29115569909231775,1.0,142864051.807857,158588
yecheon_2023,37050310,경상북도,경상북도 구미시,무을면,0,0.6689306111759274,1.0,44625062.692649506,13821
yecheon_2023,37080340,경상북도,경상북도 상주시,청리면,0,0.6351557370180261,1.0,39559390.616186425,43920
yecheon_2023,37080350,경상북도,경상북도 상주시,공성면,0,0.6032232714251777,1.0,89213352.10213463,64661
yecheon_2023,37080360,경상북도,경상북도 상주시,외남면,0,0.5320897094512549,1.0,33206526.038789783,36852
yecheon_2023,37080370,경상북도,경상북도 상주시,내서면,0,0.4678752187876646,1.0,80541746.12641661,89421
yecheon_2023,37080380,경상북도,경상북도 상주시,모동면,0,0.745006130874895,1.0,70658279.84046513,66868
yecheon_2023,37080390,경상북도,경상북도 상주시,모서면,0,0.6788369641057185,1.0,84569226.47100984,93875
yecheon_2023,37080400,경상북도,경상북도 상주시,화동면,0,0.7461432603438152,1.0,56158207.97019771,62348
yecheon_2023,37080410,경상북도,경상북도 상주시,화서면,0,0.39864715847404425,1.0,59467292.24926155,66024
yecheon_2023,37080420,경상북도,경상북도 상주시,화북면,0,0.3637346460403654,1.0,98990608.78659712,109906
yecheon_2023,37080430,경상북도,경상북도 상주시,외서면,0,0.3705600145573499,1.0,88201366.76539826,97926
yecheon_2023,37520370,경상북도,경상북도 의성군,금성면,0,0.6933725015973005,1.0,73619353.16810906,20169
yecheon_2023,37520380,경상북도,경상북도 의성군,봉양면,0,0.8411592757327697,1.0,67096359.49440494,67844
yecheon_2023,37520390,경상북도,경상북도 의성군,비안면,0,0.8386869511782573,1.0,65381925.68588101,72564
yecheon_2023,37520400,경상북도,경상북도 의성군,구천면,0,0.8978541983634151,1.0,43679341.59245112,48490
yecheon_2023,37520410,경상북도,경상북도 의성군,단밀면,0,0.8359145625018719,1.0,53743510.299609445,59646
yecheon_2023,37520440,경상북도,경상북도 의성군,다인면,0,0.8864673214658682,1.0,89679854.34921847,99542
yecheon_2023,37520450,경상북도,경상북도 의성군,신평면,0,0.8535903061615453,1.0,55681334.19185826,61783
yecheon_2023,37520460,경상북도,경상북도 의성군,안평면,0,0.8390256867263524,1.0,101066239.20211346,112151
yecheon_2023,37520470,경상북도,경상북도 의성군,안사면,0,0.8651815157272821,1.0,61665930.58135819,68451
yecheon_2023,37530340,경상북도,경상북도 청송군,현서면,0,0.28736491170499406,1.0,112641656.2680926,8550
yecheon_2023,37090610,경상북도,경상북도 문경시,점촌5동,0,0.7642077455702107,1.0,2045914.5279568033,2272
yecheon_2023,37600110,경상북도,경상북도 예천군,예천읍,0,0.5148782970750861,1.0,47716153.89658352,52957
yecheon_2023,37600310,경상북도,경상북도 예천군,용문면,1,0.33396352785079286,1.0,71311492.55851758,79129
yecheon_2023,37600340,경상북도,경상북도 예천군,감천면,1,0.3202925246603015,1.0,65541802.10478804,72746
yecheon_2023,37600350,경상북도,경상북도 예천군,보문면,0,0.35904079157816515,1.0,65362706.36470542,72539
yecheon_2023,37600121,경상북도,경상북도 예천군,호명읍,0,0.6077395685655377,1.0,62639337.38297375,69531
yecheon_2023,37600370,경상북도,경상북도 예천군,유천면,0,0.4821965044900982,1.0,38755034.73705751,43032
yecheon_2023,37600380,경상북도,경상북도 예천군,용궁면,0,0.6203714433504399,1.0,32024590.43311108,35537
yecheon_2023,37600390,경상북도,경상북도 예천군,개포면,0,0.5695846940223606,1.0,36397254.44904844,40404
yecheon_2023,37600400,경상북도,경상북도 예천군,지보면,0,0.6185505507830042,1.0,79867985.7488486,88613
yecheon_2023,37600410,경상북도,경상북도 예천군,풍양면,0,0.7322010298690877,1.0,63674207.975324646,70676
yecheon_2023,37600420,경상북도,경상북도 예천군,효자면,1,0.29055399596490505,1.0,67068693.51590796,74459
yecheon_2023,37600430,경상북도,경상북도 예천군,은풍면,1,0.3161838119467307,1.0,34516221.24856098,38300
yecheon_2023,37610110,경상북도,경상북도 봉화군,봉화읍,0,0.31832525903245923,1.0,74794188.28059898,82980
yecheon_2023,37610310,경상북도,경상북도 봉화군,물야면,0,0.2630848037437363,1.0,109595797.17567362,116056
yecheon_2023,37610320,경상북도,경상북도 봉화군,봉성면,0,0.32915967272653973,1.0,66599391.240005806,73876
yecheon_2023,37610330,경상북도,경상북도 봉화군,법전면,0,0.20722346586491136,0.9800000190734863,70519200.90821068,39308
yecheon_2023,37610340,경상북도,경상북도 봉화군,춘양면,0,0.16635087024945155,0.7300000190734863,167789711.75497466,107316
yecheon_2023,33570310,충청북도,충청북도 음성군,소이면,0,0.6008952707965663,1.0,48749814.481054634,54140
yecheon_2023,33570320,충청북도,충청북도 음성군,원남면,0,0.4422564215183288,1.0,64535617.50313749,71671
yecheon_2023,33570330,충청북도,충청북도 음성군,맹동면,0,0.9252899692065886,1.0,34610868.54956326,13898
yecheon_2023,33570360,충청북도,충청북도 음성군,생극면,0,0.03276610485409457,0.009999999776482582,55951951.46582008,12993
yecheon_2023,33590140,충청북도,충청북도 증평군,증평읍,0,0.6553974031655728,1.0,55469690.1475043,53535
yecheon_2023,33590310,충청북도,충청북도 증평군,도안면,0,0.5912018555595495,1.0,26430657.318662323,29313
yecheon_2023,37610380,경상북도,경상북도 봉화군,명호면,0,0.22713969890306923,0.9599999785423279,114842014.44374257,103129
yecheon_2023,37610390,경상북도,경상북도 봉화군,상운면,0,0.33375551975945894,1.0,58973334.82309911,65445
yecheon_2023,33020530,충청북도,충청북도 충주시,교현·안림동,0,0.6357735141328841,1.0,27660008.165746372,30704
yecheon_2023,33020550,충청북도,충청북도 충주시,용산동,0,0.7139006273545482,1.0,1568780.4111063934,1751
yecheon_2023,33044110,충청북도,충청북도 청주시,내수읍,0,0.6366627644955829,1.0,55283681.937147595,15378
yecheon_2023,33044310,충청북도,충청북도 청주시,북이면,0,0.5642829135342895,1.0,47313835.75438993,13262
yecheon_2023,33020110,충청북도,충청북도 충주시,주덕읍,0,0.43379596809947524,1.0,48219412.58281023,51394
yecheon_2023,33020310,충청북도,충청북도 충주시,살미면,0,0.6367204747156399,1.0,90328837.28408772,100295
yecheon_2023,33020320,충청북도,충청북도 충주시,수안보면,0,0.5532736947080487,1.0,73098256.52633119,81156
yecheon_2023,33020340,충청북도,충청북도 충주시,신니면,0,0.26658989246038334,1.0,59686975.66611429,55444
yecheon_2023,33020350,충청북도,충청북도 충주시,노은면,0,0.0,0.0,61680870.72027805,330
yecheon_2023,33020380,충청북도,충청북도 충주시,금가면,0,0.16558153793843536,1.0,33632834.72388727,13043
yecheon_2023,33020390,충청북도,충청북도 충주시,동량면,0,0.3272396004321084,1.0,109658403.03693442,66494
yecheon_2023,33020570,충청북도,충청북도 충주시,문화동,0,0.6817657337312333,1.0,1023170.2112797879,1144
yecheon_2023,33020580,충청북도,충청북도 충주시,호암·직동,0,0.6158704849130016,1.0,14239416.417175185,15813
yecheon_2023,33020600,충청북도,충청북도 충주시,달천동,0,0.7579405614348936,1.0,22861229.50276238,25371
yecheon_2023,33020610,충청북도,충청북도 충주시,봉방동,0,0.9619594759961131,1.0,3637980.5535160825,4047
yecheon_2023,33020630,충청북도,충청북도 충주시,연수동,0,0.6228913306774553,1.0,5082345.847763931,5641
yecheon_2023,33020640,충청북도,충청북도 충주시,목행·용탄동,0,0.08612862197960355,0.46000000834465027,13475190.691115418,14943
yecheon_2023,33030310,충청북도,충청북도 제천시,금성면,0,0.0,0.0,68670524.33275701,1131
yecheon_2023,33030340,충청북도,충청북도 제천시,덕산면,0,0.5501695662700513,1.0,111620952.80925159,123905
yecheon_2023,33030350,충청북도,충청북도 제천시,한수면,0,0.5417238709328999,1.0,74431643.61423224,82628
yecheon_2023,33041320,충청북도,충청북도 청주시,미원면,0,0.8040941632271548,1.0,129128808.76876444,143387
yecheon_2023,33041330,충청북도,충청북도 청주시,가덕면,0,0.813842843752282,1.0,49793184.0632401,19293
yecheon_2023,33041350,충청북도,충청북도 청주시,문의면,0,1.0,1.0,93036482.0639356,11
yecheon_2023,33520350,충청북도,충청북도 보은군,삼승면,0,0.6428727607350281,1.0,28261796.813968223,31374
yecheon_2023,33520360,충청북도,충청북도 보은군,수한면,0,0.5627272217109531,1.0,48846029.36353098,54264
yecheon_2023,33520370,충청북도,충청북도 보은군,회남면,0,0.7992210254857076,1.0,46630601.215995446,23133
yecheon_2023,33520380,충청북도,충청북도 보은군,회인면,0,0.8684745720919543,1.0,53956468.48103117,54116
yecheon_2023,33520390,충청북도,충청북도 보은군,내북면,0,0.8495019518136748,1.0,63170772.6187282,70154
yecheon_2023,33520400,충청북도,충청북도 보은군,산외면,0,0.6669842509671747,1.0,58614100.68299369,65085
yecheon_2023,33530110,충청북도,충청북도 옥천군,옥천읍,0,0.5988293927115916,1.0,47807068.73503446,25380
yecheon_2023,33530310,충청북도,충청북도 옥천군,동이면,0,0.6137662840681318,1.0,60600814.22370526,54348
yecheon_2023,33530320,충청북도,충청북도 옥천군,안남면,0,0.613770263771419,1.0,31764818.839636423,35284
yecheon_2023,33530330,충청북도,충청북도 옥천군,안내면,0,0.7969788133527562,1.0,64791973.72030544,70896
yecheon_2023,33530340,충청북도,충청북도 옥천군,청성면,0,0.510613547210662,1.0,83378014.0507092,91028
yecheon_2023,33530350,충청북도,충청북도 옥천군,청산면,0,0.4277769961963082,1.0,72990574.68493602,81048
yecheon_2023,33540320,충청북도,충청북도 영동군,황간면,0,0.7895488949718708,1.0,90412414.96199954,6606
yecheon_2023,33540400,충청북도,충청북도 영동군,심천면,0,1.0,1.0,78065929.55442572,126
yecheon_2023,33550320,충청북도,충청북도 진천군,초평면,0,0.9892529002198487,1.0,76403018.57144257,4310
yecheon_2023,33560110,충청북도,충청북도 괴산군,괴산읍,0,0.4883967304713284,1.0,49353701.06673528,54813
yecheon_2023,33560310,충청북도,충청북도 괴산군,감물면,0,0.5081165054205269,1.0,42630710.85824906,47311
yecheon_2023,33560320,충청북도,충청북도 괴산군,장연면,0,0.5980163079766256,1.0,61411072.27533792,68186
yecheon_2023,33560330,충청북도,충청북도 괴산군,연풍면,0,0.6490220645930357,1.0,93346330.6932733,103647
yecheon_2023,33560340,충청북도,충청북도 괴산군,칠성면,0,0.538365617569599,1.0,102243567.31661353,113523
yecheon_2023,33560350,충청북도,충청북도 괴산군,문광면,0,0.7814962868508846,1.0,56046887.63972557,62234
yecheon_2023,33560360,충청북도,충청북도 괴산군,청천면,0,0.5483234840913449,1.0,208786408.6549629,231838
yecheon_2023,37040360,경상북도,경상북도 안동시,남후면,0,0.8298322148903629,1.0,64384329.604150325,71461
yecheon_2023,37040370,경상북도,경상북도 안동시,남선면,0,0.6246454485700876,1.0,59355452.98427537,65886
yecheon_2023,37040380,경상북도,경상북도 안동시,임하면,0,0.3775045751351848,1.0,92593845.67337899,102732
yecheon_2023,37040390,경상북도,경상북도 안동시,길안면,0,0.34834728739164217,1.0,202430789.66208667,119204
yecheon_2023,37040400,경상북도,경상북도 안동시,임동면,0,0.20538183322120912,1.0,152207821.99000278,53636
yecheon_2023,37040630,경상북도,경상북도 안동시,강남동,0,0.4590457714269058,1.0,19531683.40935435,21651
yecheon_2023,37050330,경상북도,경상북도 구미시,도개면,0,0.7318240170690226,1.0,60884458.9575884,55926
yecheon_2023,33020510,충청북도,충청북도 충주시,성내·충인동,0,0.9376936939922539,1.0,500751.65306796145,555
yecheon_2023,33020540,충청북도,충청북도 충주시,교현2동,0,0.8983556007677335,1.0,872602.4147669512,973
yecheon_2023,33520110,충청북도,충청북도 보은군,보은읍,0,0.4967839905668926,1.0,62331604.95053997,69210
yecheon_2023,33520310,충청북도,충청북도 보은군,속리산면,0,0.38449308000470234,1.0,92321232.54777332,102531
yecheon_2023,33520320,충청북도,충청북도 보은군,장안면,0,0.44485054549425285,1.0,29806791.46279137,33087
yecheon_2023,33520330,충청북도,충청북도 보은군,마로면,0,0.532712134929165,1.0,68206603.27328905,75730
yecheon_2023,37060110,경상북도,경상북도 영주시,풍기읍,0,0.5175403077728234,1.0,76780591.06307657,85218
yecheon_2023,37060310,경상북도,경상북도 영주시,이산면,0,0.3181541631648819,1.0,54200253.30937854,60157
yecheon_2023,37060320,경상북도,경상북도 영주시,평은면,0,0.28774781194362153,1.0,63123499.27191676,70043
yecheon_2023,37060330,경상북도,경상북도 영주시,문수면,0,0.27368232745230375,1.0,42065834.749632224,46677
yecheon_2023,33030320,충청북도,충청북도 제천시,청풍면,0,0.3554764930303279,1.0,92251435.7296291,79445
yecheon_2023,37080520,경상북도,경상북도 상주시,남원동,0,0.40941818170019656,1.0,27741241.761356123,30800
yecheon_2023,37080530,경상북도,경상북도 상주시,북문동,0,0.6247358548703856,1.0,14414448.161488961,15995
yecheon_2023,37080540,경상북도,경상북도 상주시,계림동,0,0.8052876138656718,1.0,11651307.693898832,12934
yecheon_2023,37080560,경상북도,경상북도 상주시,동성동,0,0.5641621827477908,1.0,11722807.182170374,13010
yecheon_2023,37080570,경상북도,경상북도 상주시,신흥동,0,0.6116757380051117,1.0,25478236.542762067,28292
yecheon_2023,33020430,충청북도,충청북도 충주시,대소원면,0,0.6105383109532743,1.0,62155891.26420419,69012
yecheon_2023,33020440,충청북도,충청북도 충주시,중앙탑면,0,0.19543979570098194,0.9599999785423279,47642162.69306593,17258
yecheon_2023,33020620,충청북도,충청북도 충주시,칠금·금릉동,0,0.7368340065785594,1.0,5790146.926810666,6434
yecheon_2023,33041310,충청북도,충청북도 청주시,낭성면,0,0.8722594330352064,1.0,59354245.91547736,53925
yecheon_2023,33530380,충청북도,충청북도 옥천군,군북면,0,0.8258028275945177,1.0,67260795.65485482,21991
yecheon_2023,33540310,충청북도,충청북도 영동군,용산면,0,0.5091133583299103,1.0,67620382.5801553,25512
yecheon_2023,33560370,충청북도,충청북도 괴산군,청안면,0,0.6303639447064989,1.0,70834656.09150997,78693
yecheon_2023,33560380,충청북도,충청북도 괴산군,사리면,0,0.46661526087892685,1.0,50511454.695004545,56090
yecheon_2023,33560390,충청북도,충청북도 괴산군,소수면,0,0.40998120898251084,1.0,46490435.9043238,51621
yecheon_2023,33560400,충청북도,충청북도 괴산군,불정면,0,0.6006630926627987,1.0,60501748.9395626,67170
yecheon_2023,33570110,충청북도,충청북도 음성군,음성읍,0,0.386036581967502,1.0,86161719.21479572,95675
yecheon_2023,33570120,충청북도,충청북도 음성군,금왕읍,0,0.3637677181539853,1.0,71200430.4407249,41906
yecheon_2023,37090110,경상북도,경상북도 문경시,문경읍,0,0.4343521739039771,1.0,155663182.01480097,172801
yecheon_2023,37090120,경상북도,경상북도 문경시,가은읍,0,0.5234229593649341,1.0,153495057.90041846,170411
yecheon_2023,37090590,경상북도,경상북도 문경시,점촌3동,0,0.8341209879993371,1.0,9035158.651704269,10034
yecheon_2023,37090600,경상북도,경상북도 문경시,점촌4동,0,0.8079973966374594,1.0,29768038.862705648,33042
yecheon_2023,33520340,충청북도,충청북도 보은군,탄부면,0,0.6132698446052509,1.0,31580075.239598818,35072
yecheon_2023,37080440,경상북도,경상북도 상주시,은척면,0,0.43382393099668837,1.0,54083867.994160704,60056
yecheon_2023,37080450,경상북도,경상북도 상주시,공검면,0,0.6510586936134861,1.0,39438231.923724726,43752
yecheon_2023,37080460,경상북도,경상북도 상주시,이안면,0,0.4718982414260908,1.0,52562049.81073087,58354
yecheon_2023,37080470,경상북도,경상북도 상주시,화남면,0,0.3758393521854206,1.0,54623267.69723947,60642
yecheon_2023,33580110,충청북도,충청북도 단양군,단양읍,0,0.6830877293726719,1.0,75796366.18383299,84133
yecheon_2023,33580320,충청북도,충청북도 단양군,대강면,0,0.3777215730913323,1.0,134124397.61016749,148822
yecheon_2023,33580330,충청북도,충청북도 단양군,가곡면,0,0.2165218080146153,0.9700000286102295,104564274.22588085,75568
yecheon_2023,33580340,충청북도,충청북도 단양군,영춘면,0,0.11249502011272168,0.5699999928474426,180628411.73697597,29118
yecheon_2023,37040110,경상북도,경상북도 안동시,풍산읍,0,0.4194321616926628,1.0,96521338.36376491,107108
yecheon_2023,37040310,경상북도,경상북도 안동시,와룡면,0,0.30188053967287276,1.0,114918111.5104362,127490
yecheon_2023,37040320,경상북도,경상북도 안동시,북후면,0,0.30792318432068494,1.0,77317092.62900402,85790
yecheon_2023,37040330,경상북도,경상북도 안동시,서후면,0,0.34617804417148756,1.0,65013013.40193039,72128
yecheon_2023,37040340,경상북도,경상북도 안동시,풍천면,0,0.8023474114457284,1.0,95005203.56471108,105431
yecheon_2023,37040350,경상북도,경상북도 안동시,일직면,0,0.8565954440745067,1.0,85701627.20336206,95102
yecheon_2023,37520110,경상북도,경상북도 의성군,의성읍,0,0.8455832440888819,1.0,68271906.87236421,75766
yecheon_2023,37520340,경상북도,경상북도 의성군,사곡면,0,0.7625992141272218,1.0,72711019.3650415,66270
yecheon_2023,37520420,경상북도,경상북도 의성군,단북면,0,0.9610480357361448,1.0,23933082.239457406,26564
yecheon_2023,37520430,경상북도,경상북도 의성군,안계면,0,0.8750938918831087,1.0,43724005.67619878,48513
yecheon_2023,37610350,경상북도,경상북도 봉화군,소천면,0,0.0,0.0,262976913.35948285,6024
yecheon_2023,37040620,경상북도,경상북도 안동시,서구동,0,0.7530011649597392,1.0,1537984.281590131,1716
yecheon_2023,33020560,충청북도,충청북도 충주시,지현동,0,0.5519344266290304,1.0,553582.7818421135,610
yecheon_2023,37040410,경상북도,경상북도 안동시,예안면,0,0.3783886524345497,1.0,164255841.00447908,97465
yecheon_2023,37040420,경상북도,경상북도 안동시,도산면,0,0.2852743348140168,1.0,103280820.66515894,114568
yecheon_2023,37040430,경상북도,경상북도 안동시,녹전면,0,0.31961495819525265,1.0,71573687.816217,79420
yecheon_2023,37040510,경상북도,경상북도 안동시,중구동,0,0.584647760358636,1.0,4012163.8158827582,4443
yecheon_2023,37040520,경상북도,경상북도 안동시,명륜동,0,0.27770352242386315,1.0,7730591.547502228,8574
yecheon_2023,37040540,경상북도,경상북도 안동시,용상동,0,0.42021051205937987,1.0,26710813.26086082,29642
yecheon_2023,37040560,경상북도,경상북도 안동시,태화동,0,0.7480874524724461,1.0,2369055.035850809,2630
yecheon_2023,37040580,경상북도,경상북도 안동시,평화동,0,0.47625269935331577,1.0,835226.8904003324,926
yecheon_2023,37060340,경상북도,경상북도 영주시,장수면,0,0.3461351628817568,1.0,41970456.76056376,46566
yecheon_2023,37060350,경상북도,경상북도 영주시,안정면,0,0.4089081578819094,1.0,43903921.90230268,48725
yecheon_2023,37060360,경상북도,경상북도 영주시,봉현면,0,0.42294130870949853,1.0,51977052.46318628,57692
yecheon_2023,37060370,경상북도,경상북도 영주시,순흥면,0,0.5336114558640729,1.0,54309096.74651083,60261
yecheon_2023,37060380,경상북도,경상북도 영주시,단산면,0,0.409923515028492,1.0,92265262.7478348,90607
yecheon_2023,37060390,경상북도,경상북도 영주시,부석면,0,0.2346909737790739,1.0,91837196.25670756,81320
yecheon_2023,37060510,경상북도,경상북도 영주시,상망동,0,0.3017969821640978,1.0,17079622.0581805,18954
yecheon_2023,37060530,경상북도,경상북도 영주시,하망동,0,0.48504092764632845,1.0,1324236.234142369,1466
yecheon_2023,33580120,충청북도,충청북도 단양군,매포읍,0,0.2729826519223904,1.0,66255684.276124574,21444
yecheon_2023,37520310,경상북도,경상북도 의성군,단촌면,0,0.8004498125522431,1.0,73473925.26131238,81523
yecheon_2023,37520320,경상북도,경상북도 의성군,점곡면,0,0.3898056328931177,1.0,65389615.15796783,72543
yecheon_2023,37520330,경상북도,경상북도 의성군,옥산면,0,0.5562150045537823,1.0,103570112.37641767,114909
yecheon_2023,22520111,대구광역시,대구광역시 군위군,군위읍,0,0.8316897807135111,1.0,83683259.63979402,3533
yecheon_2023,22520311,대구광역시,대구광역시 군위군,소보면,0,0.8666904987840555,1.0,99929350.00550112,37906
yecheon_2023,37060550,경상북도,경상북도 영주시,영주1동,0,0.6358362670518903,1.0,1022432.2159471278,1136
yecheon_2023,37060580,경상북도,경상북도 영주시,영주2동,0,0.8559273798987489,1.0,923285.4852779176,1019
yecheon_2023,37060590,경상북도,경상북도 영주시,휴천1동,0,0.31692017819387847,1.0,5268478.121958147,5838
yecheon_2023,37060600,경상북도,경상북도 영주시,휴천2동,0,0.7255115658301674,1.0,2021765.7531298962,2248
yecheon_2023,37060610,경상북도,경상북도 영주시,휴천3동,0,0.3860340608915859,1.0,9573027.635334,10628
yecheon_2023,37060620,경상북도,경상북도 영주시,가흥1동,0,0.3901208498780264,1.0,6497547.514445262,7199
yecheon_2023,37060630,경상북도,경상북도 영주시,가흥2동,0,0.5491746932826378,1.0,17110113.558240402,18999
chuncheon_2020,32010520,강원도,강원도 춘천시,교동,0,0.6728547577884589,1.0,538950.2599535709,599
chuncheon_2020,32010530,강원도,강원도 춘천시,조운동,0,0.8665633802682581,1.0,323570.2027730259,355
chuncheon_2020,32010540,강원도,강원도 춘천시,약사명동,0,0.8929251692428881,1.0,531022.1074065696,588
chuncheon_2020,32010570,강원도,강원도 춘천시,근화동,0,0.9606943536294269,1.0,9646391.241362551,10715
chuncheon_2020,32010580,강원도,강원도 춘천시,소양동,0,0.7832586694134647,1.0,1241287.2055950204,1384
chuncheon_2020,32010610,강원도,강원도 춘천시,후평2동,0,0.6920750011038035,1.0,721170.02895505,800
chuncheon_2020,32010620,강원도,강원도 춘천시,후평3동,0,0.6216779659186505,1.0,1059743.671185427,1180
chuncheon_2020,32010630,강원도,강원도 춘천시,효자1동,0,0.8830058928322932,1.0,457474.67076885037,509
chuncheon_2020,32010650,강원도,강원도 춘천시,효자3동,0,0.7229192545271129,1.0,434803.3933463853,483
chuncheon_2020,32010710,강원도,강원도 춘천시,신사우동,0,0.935620166898146,1.0,11636776.80721937,12932
chuncheon_2020,32510380,강원도,강원도 홍천군,북방면,0,0.7175657933088089,1.0,145934177.78322268,70105
chuncheon_2020,32010320,강원도,강원도 춘천시,동산면,1,0.7349615926218708,1.0,80667725.47548561,89568
chuncheon_2020,32010330,강원도,강원도 춘천시,신동면,0,0.7020826138336689,1.0,48102344.41514963,53404
chuncheon_2020,32010340,강원도,강원도 춘천시,동내면,0,0.6692455512787957,1.0,36604997.89132944,40639
chuncheon_2020,32010350,강원도,강원도 춘천시,남면,1,0.758225625905149,1.0,73223978.66200748,38825
chuncheon_2020,32010360,강원도,강원도 춘천시,남산면,1,0.7652569200839348,1.0,124001877.04233459,81114
chuncheon_2020,32010370,강원도,강원도 춘천시,서면,1,0.6272301069661654,1.0,142052692.43955892,151811
chuncheon_2020,32010380,강원도,강원도 춘천시,사북면,1,0.2985233314006917,1.0,152339628.97900534,96799
chuncheon_2020,32010390,강원도,강원도 춘천시,북산면,0,0.748533641336027,1.0,214055790.62702817,192695
chuncheon_2020,32580110,강원도,강원도 양구군,양구읍,0,0.0,0.0,173532404.00882235,1930
chuncheon_2020,32010600,강원도,강원도 춘천시,후평1동,0,0.7952711107871598,1.0,2032400.8596666735,2250
chuncheon_2020,32010640,강원도,강원도 춘천시,효자2동,0,0.6695581170230188,1.0,1876705.4147123434,2082
chuncheon_2020,32010660,강원도,강원도 춘천시,석사동,0,0.6533666585213264,1.0,3879997.020611336,4301
chuncheon_2020,32010670,강원도,강원도 춘천시,퇴계동,0,0.6580370206015407,1.0,4177032.707337621,4646
chuncheon_2020,31570110,경기도,경기도 가평군,가평읍,0,0.39182010104146636,1.0,145120535.55333826,4736
chuncheon_2020,32010310,강원도,강원도 춘천시,동면,1,0.8439211835868454,1.0,134149354.14272034,148955
chuncheon_2020,32510110,강원도,강원도 홍천군,홍천읍,0,0.6935220747337841,1.0,107129505.49851602,5775
chuncheon_2020,32510310,강원도,강원도 홍천군,화촌면,0,0.6552423232053256,1.0,210217493.05527765,114413
chuncheon_2020,32510320,강원도,강원도 홍천군,두촌면,0,0.8381637037557232,1.0,140182823.9189742,5119
chuncheon_2020,32510370,강원도,강원도 홍천군,서면,0,1.0,1.0,124005780.64814283,168
chuncheon_2020,31570350,경기도,경기도 가평군,북면,0,0.4496700005167431,1.0,229862359.94079712,26394
chuncheon_2020,32010110,강원도,강원도 춘천시,신북읍,0,0.7103371559132021,1.0,57077836.70485611,63383
chuncheon_2020,32570310,강원도,강원도 화천군,간동면,0,0.013668151717319676,0.0,127918313.63921474,14814
chuncheon_2020,32010680,강원도,강원도 춘천시,강남동,0,0.6533566599033163,1.0,14791549.296614576,16433
