event,ADM_CD,SIDO,SIGUNGU,EMD,label_source,positive,mean_prob,pixel_count
pohang_2022,37011310,경상북도,경상북도 포항시,대송면,Sentinel scar label,0,1.0,823
pohang_2022,37011320,경상북도,경상북도 포항시,동해면,Sentinel scar label,1,0.541725361591241,29588
pohang_2022,37011550,경상북도,경상북도 포항시,송도동,Sentinel scar label,1,0.96222357207486,2469
pohang_2022,37011560,경상북도,경상북도 포항시,청림동,Sentinel scar label,1,0.9535035140345068,7541
pohang_2022,37011570,경상북도,경상북도 포항시,제철동,Sentinel scar label,1,0.9359859017830018,20570
pohang_2022,37011580,경상북도,경상북도 포항시,효곡동,Sentinel scar label,1,0.9330791652079153,6518
pohang_2022,37011590,경상북도,경상북도 포항시,대이동,Sentinel scar label,1,0.9094595087206857,5458
pohang_2022,37011600,경상북도,경상북도 포항시,상대동,Sentinel scar label,1,0.9701730917983876,3813
pohang_2022,37011610,경상북도,경상북도 포항시,해도동,Sentinel scar label,1,0.9903539820610228,2147
pohang_2022,37012110,경상북도,경상북도 포항시,흥해읍,Sentinel scar label,1,0.7823941868770538,119715
pohang_2022,37012310,경상북도,경상북도 포항시,신광면,Sentinel scar label,1,0.5067444011366049,88721
pohang_2022,37012320,경상북도,경상북도 포항시,청하면,Sentinel scar label,1,0.5431332054126123,75185
pohang_2022,37012330,경상북도,경상북도 포항시,송라면,Sentinel scar label,0,0.0,6127
pohang_2022,37012340,경상북도,경상북도 포항시,기계면,Sentinel scar label,1,0.5010359995529475,55917
pohang_2022,37012350,경상북도,경상북도 포항시,죽장면,Sentinel scar label,0,0.031352878110890575,10267
pohang_2022,37012360,경상북도,경상북도 포항시,기북면,Sentinel scar label,1,0.28162683228752844,32677
pohang_2022,37012580,경상북도,경상북도 포항시,양학동,Sentinel scar label,1,0.8955122396376927,2206
pohang_2022,37012610,경상북도,경상북도 포항시,용흥동,Sentinel scar label,1,0.911383390196083,4395
pohang_2022,37012630,경상북도,경상북도 포항시,우창동,Sentinel scar label,1,0.9037963778984797,6954
pohang_2022,37012640,경상북도,경상북도 포항시,두호동,Sentinel scar label,1,0.943022976042714,1654
pohang_2022,37012650,경상북도,경상북도 포항시,장량동,Sentinel scar label,1,0.9384404345145437,12465
pohang_2022,37012660,경상북도,경상북도 포항시,환여동,Sentinel scar label,1,0.90229864180658,2719
pohang_2022,37012670,경상북도,경상북도 포항시,중앙동,Sentinel scar label,1,0.9441868652639862,2558
pohang_2022,37012680,경상북도,경상북도 포항시,죽도동,Sentinel scar label,0,0.9674162213636753,2059
pohang_2022,37020120,경상북도,경상북도 경주시,안강읍,Sentinel scar label,1,0.9685460910789866,40594
pohang_2022,37020370,경상북도,경상북도 경주시,강동면,Sentinel scar label,1,0.7721296600283138,52121
pohang_2022,37011130,경상북도,경상북도 포항시,오천읍,Sentinel scar label,0,1.0,1199
pohang_2022,37011110,경상북도,경상북도 포항시,구룡포읍,Sentinel scar label,0,0.0,4530
pohang_2022,37011120,경상북도,경상북도 포항시,연일읍,Sentinel scar label,1,0.7675691546321035,32355
yecheon_2023,32530380,강원도,강원도 영월군,김삿갓면,Sentinel scar label,0,0.0,2
yecheon_2023,37090330,경상북도,경상북도 문경시,호계면,Sentinel scar label,1,0.8194070663406267,59602
yecheon_2023,37090360,경상북도,경상북도 문경시,마성면,Sentinel scar label,1,0.8665120342479322,83467
yecheon_2023,37090370,경상북도,경상북도 문경시,농암면,Sentinel scar label,1,0.5095613659785586,114811
yecheon_2023,37090570,경상북도,경상북도 문경시,점촌1동,Sentinel scar label,0,0.7313320265752679,1021
yecheon_2023,37090580,경상북도,경상북도 문경시,점촌2동,Sentinel scar label,0,0.9049297445014122,5053
yecheon_2023,37040590,경상북도,경상북도 안동시,안기동,Sentinel scar label,0,0.26318023398120716,8034
yecheon_2023,37040600,경상북도,경상북도 안동시,옥동,Sentinel scar label,1,0.4849875104174694,4804
yecheon_2023,37040610,경상북도,경상북도 안동시,송하동,Sentinel scar label,1,0.43104762788469264,10624
yecheon_2023,33030330,충청북도,충청북도 제천시,수산면,Sentinel scar label,1,0.6094035629315062,98686
yecheon_2023,33580310,충청북도,충청북도 단양군,단성면,Sentinel scar label,1,0.6890736582530199,81104
yecheon_2023,33580360,충청북도,충청북도 단양군,적성면,Sentinel scar label,1,0.627771988990757,59129
yecheon_2023,37050110,경상북도,경상북도 구미시,선산읍,Sentinel scar label,0,0.6455570868989455,4353
yecheon_2023,37050320,경상북도,경상북도 구미시,옥성면,Sentinel scar label,1,0.5091032410503538,63763
yecheon_2023,37080110,경상북도,경상북도 상주시,함창읍,Sentinel scar label,1,0.7230943904016311,48352
yecheon_2023,37080320,경상북도,경상북도 상주시,중동면,Sentinel scar label,1,0.8916121544627799,57724
yecheon_2023,37080330,경상북도,경상북도 상주시,낙동면,Sentinel scar label,1,0.543678238677488,99950
yecheon_2023,37080480,경상북도,경상북도 상주시,사벌국면,Sentinel scar label,1,0.7240017419326065,63140
yecheon_2023,37080550,경상북도,경상북도 상주시,동문동,Sentinel scar label,1,0.66864174705353,20011
yecheon_2023,37090310,경상북도,경상북도 문경시,영순면,Sentinel scar label,1,0.6446730934244399,43147
yecheon_2023,37090320,경상북도,경상북도 문경시,산양면,Sentinel scar label,1,0.5283275048460463,36604
yecheon_2023,37090340,경상북도,경상북도 문경시,산북면,Sentinel scar label,1,0.4488046424363173,124674
yecheon_2023,37090350,경상북도,경상북도 문경시,동로면,Sentinel scar label,1,0.29115569909231775,158588
yecheon_2023,37050310,경상북도,경상북도 구미시,무을면,Sentinel scar label,0,0.6689306111759274,13821
yecheon_2023,37080340,경상북도,경상북도 상주시,청리면,Sentinel scar label,1,0.6351557370180261,43920
yecheon_2023,37080350,경상북도,경상북도 상주시,공성면,Sentinel scar label,1,0.6032232714251777,64661
yecheon_2023,37080360,경상북도,경상북도 상주시,외남면,Sentinel scar label,1,0.5320897094512549,36852
yecheon_2023,37080370,경상북도,경상북도 상주시,내서면,Sentinel scar label,1,0.4678752187876646,89421
yecheon_2023,37080380,경상북도,경상북도 상주시,모동면,Sentinel scar label,1,0.745006130874895,66868
yecheon_2023,37080390,경상북도,경상북도 상주시,모서면,Sentinel scar label,1,0.6788369641057185,93875
yecheon_2023,37080400,경상북도,경상북도 상주시,화동면,Sentinel scar label,1,0.7461432603438152,62348
yecheon_2023,37080410,경상북도,경상북도 상주시,화서면,Sentinel scar label,1,0.39864715847404425,66024
yecheon_2023,37080420,경상북도,경상북도 상주시,화북면,Sentinel scar label,1,0.3637346460403654,109906
yecheon_2023,37080430,경상북도,경상북도 상주시,외서면,Sentinel scar label,1,0.3705600145573499,97926
yecheon_2023,37520370,경상북도,경상북도 의성군,금성면,Sentinel scar label,1,0.6933725015973005,20169
yecheon_2023,37520380,경상북도,경상북도 의성군,봉양면,Sentinel scar label,1,0.8411592757327697,67844
yecheon_2023,37520390,경상북도,경상북도 의성군,비안면,Sentinel scar label,1,0.8386869511782573,72564
yecheon_2023,37520400,경상북도,경상북도 의성군,구천면,Sentinel scar label,1,0.8978541983634151,48490
yecheon_2023,37520410,경상북도,경상북도 의성군,단밀면,Sentinel scar label,1,0.8359145625018719,59646
yecheon_2023,37520440,경상북도,경상북도 의성군,다인면,Sentinel scar label,1,0.8864673214658682,99542
yecheon_2023,37520450,경상북도,경상북도 의성군,신평면,Sentinel scar label,1,0.8535903061615453,61783
yecheon_2023,37520460,경상북도,경상북도 의성군,안평면,Sentinel scar label,1,0.8390256867263524,112151
yecheon_2023,37520470,경상북도,경상북도 의성군,안사면,Sentinel scar label,1,0.8651815157272821,68451
yecheon_2023,37530340,경상북도,경상북도 청송군,현서면,Sentinel scar label,0,0.28736491170499406,8550
yecheon_2023,37090610,경상북도,경상북도 문경시,점촌5동,Sentinel scar label,0,0.7642077455702107,2272
yecheon_2023,37600110,경상북도,경상북도 예천군,예천읍,Sentinel scar label,1,0.5148782970750861,52957
yecheon_2023,37600310,경상북도,경상북도 예천군,용문면,Sentinel scar label,1,0.33396352785079286,79129
yecheon_2023,37600340,경상북도,경상북도 예천군,감천면,Sentinel scar label,1,0.3202925246603015,72746
yecheon_2023,37600350,경상북도,경상북도 예천군,보문면,Sentinel scar label,1,0.35904079157816515,72539
yecheon_2023,37600121,경상북도,경상북도 예천군,호명읍,Sentinel scar label,1,0.6077395685655377,69531
yecheon_2023,37600370,경상북도,경상북도 예천군,유천면,Sentinel scar label,1,0.4821965044900982,43032
yecheon_2023,37600380,경상북도,경상북도 예천군,용궁면,Sentinel scar label,1,0.6203714433504399,35537
yecheon_2023,37600390,경상북도,경상북도 예천군,개포면,Sentinel scar label,1,0.5695846940223606,40404
yecheon_2023,37600400,경상북도,경상북도 예천군,지보면,Sentinel scar label,1,0.6185505507830042,88613
yecheon_2023,37600410,경상북도,경상북도 예천군,풍양면,Sentinel scar label,1,0.7322010298690877,70676
yecheon_2023,37600420,경상북도,경상북도 예천군,효자면,Sentinel scar label,1,0.29055399596490505,74459
yecheon_2023,37600430,경상북도,경상북도 예천군,은풍면,Sentinel scar label,1,0.3161838119467307,38300
yecheon_2023,37610110,경상북도,경상북도 봉화군,봉화읍,Sentinel scar label,1,0.31832525903245923,82980
yecheon_2023,37610310,경상북도,경상북도 봉화군,물야면,Sentinel scar label,1,0.2630848037437363,116056
yecheon_2023,37610320,경상북도,경상북도 봉화군,봉성면,Sentinel scar label,1,0.32915967272653973,73876
yecheon_2023,37610330,경상북도,경상북도 봉화군,법전면,Sentinel scar label,1,0.20722346586491136,39308
yecheon_2023,37610340,경상북도,경상북도 봉화군,춘양면,Sentinel scar label,1,0.16635087024945155,107316
yecheon_2023,33570310,충청북도,충청북도 음성군,소이면,Sentinel scar label,1,0.6008952707965663,54140
yecheon_2023,33570320,충청북도,충청북도 음성군,원남면,Sentinel scar label,1,0.4422564215183288,71671
yecheon_2023,33570330,충청북도,충청북도 음성군,맹동면,Sentinel scar label,0,0.9252899692065886,13898
yecheon_2023,33570360,충청북도,충청북도 음성군,생극면,Sentinel scar label,0,0.03276610485409457,12993
yecheon_2023,33590140,충청북도,충청북도 증평군,증평읍,Sentinel scar label,1,0.6553974031655728,53535
yecheon_2023,33590310,충청북도,충청북도 증평군,도안면,Sentinel scar label,1,0.5912018555595495,29313
yecheon_2023,37610380,경상북도,경상북도 봉화군,명호면,Sentinel scar label,1,0.22713969890306923,103129
yecheon_2023,37610390,경상북도,경상북도 봉화군,상운면,Sentinel scar label,1,0.33375551975945894,65445
yecheon_2023,33020530,충청북도,충청북도 충주시,교현·안림동,Sentinel scar label,1,0.6357735141328841,30704
yecheon_2023,33020550,충청북도,충청북도 충주시,용산동,Sentinel scar label,1,0.7139006273545482,1751
yecheon_2023,33044110,충청북도,충청북도 청주시,내수읍,Sentinel scar label,1,0.6366627644955829,15378
yecheon_2023,33044310,충청북도,충청북도 청주시,북이면,Sentinel scar label,0,0.5642829135342895,13262
yecheon_2023,33020110,충청북도,충청북도 충주시,주덕읍,Sentinel scar label,1,0.43379596809947524,51394
yecheon_2023,33020310,충청북도,충청북도 충주시,살미면,Sentinel scar label,1,0.6367204747156399,100295
yecheon_2023,33020320,충청북도,충청북도 충주시,수안보면,Sentinel scar label,1,0.5532736947080487,81156
yecheon_2023,33020340,충청북도,충청북도 충주시,신니면,Sentinel scar label,1,0.26658989246038334,55444
yecheon_2023,33020350,충청북도,충청북도 충주시,노은면,Sentinel scar label,0,0.0,330
yecheon_2023,33020380,충청북도,충청북도 충주시,금가면,Sentinel scar label,1,0.16558153793843536,13043
yecheon_2023,33020390,충청북도,충청북도 충주시,동량면,Sentinel scar label,1,0.3272396004321084,66494
yecheon_2023,33020570,충청북도,충청북도 충주시,문화동,Sentinel scar label,1,0.6817657337312333,1144
yecheon_2023,33020580,충청북도,충청북도 충주시,호암·직동,Sentinel scar label,1,0.6158704849130016,15813
yecheon_2023,33020600,충청북도,충청북도 충주시,달천동,Sentinel scar label,1,0.7579405614348936,25371
yecheon_2023,33020610,충청북도,충청북도 충주시,봉방동,Sentinel scar label,1,0.9619594759961131,4047
yecheon_2023,33020630,충청북도,충청북도 충주시,연수동,Sentinel scar label,0,0.6228913306774553,5641
yecheon_2023,33020640,충청북도,충청북도 충주시,목행·용탄동,Sentinel scar label,1,0.08612862197960355,14943
yecheon_2023,33030310,충청북도,충청북도 제천시,금성면,Sentinel scar label,0,0.0,1131
yecheon_2023,33030340,충청북도,충청북도 제천시,덕산면,Sentinel scar label,1,0.5501695662700513,123905
yecheon_2023,33030350,충청북도,충청북도 제천시,한수면,Sentinel scar label,1,0.5417238709328999,82628
yecheon_2023,33041320,충청북도,충청북도 청주시,미원면,Sentinel scar label,1,0.8040941632271548,143387
yecheon_2023,33041330,충청북도,충청북도 청주시,가덕면,Sentinel scar label,1,0.813842843752282,19293
yecheon_2023,33041350,충청북도,충청북도 청주시,문의면,Sentinel scar label,0,1.0,11
yecheon_2023,33520350,충청북도,충청북도 보은군,삼승면,Sentinel scar label,0,0.6428727607350281,31374
yecheon_2023,33520360,충청북도,충청북도 보은군,수한면,Sentinel scar label,1,0.5627272217109531,54264
yecheon_2023,33520370,충청북도,충청북도 보은군,회남면,Sentinel scar label,1,0.7992210254857076,23133
yecheon_2023,33520380,충청북도,충청북도 보은군,회인면,Sentinel scar label,1,0.8684745720919543,54116
yecheon_2023,33520390,충청북도,충청북도 보은군,내북면,Sentinel scar label,1,0.8495019518136748,70154
yecheon_2023,33520400,충청북도,충청북도 보은군,산외면,Sentinel scar label,1,0.6669842509671747,65085
yecheon_2023,33530110,충청북도,충청북도 옥천군,옥천읍,Sentinel scar label,1,0.5988293927115916,25380
yecheon_2023,33530310,충청북도,충청북도 옥천군,동이면,Sentinel scar label,1,0.6137662840681318,54348
yecheon_2023,33530320,충청북도,충청북도 옥천군,안남면,Sentinel scar label,1,0.613770263771419,35284
yecheon_2023,33530330,충청북도,충청북도 옥천군,안내면,Sentinel scar label,1,0.7969788133527562,70896
yecheon_2023,33530340,충청북도,충청북도 옥천군,청성면,Sentinel scar label,1,0.510613547210662,91028
yecheon_2023,33530350,충청북도,충청북도 옥천군,청산면,Sentinel scar label,1,0.4277769961963082,81048
yecheon_2023,33540320,충청북도,충청북도 영동군,황간면,Sentinel scar label,0,0.7895488949718708,6606
yecheon_2023,33540400,충청북도,충청북도 영동군,심천면,Sentinel scar label,0,1.0,126
yecheon_2023,33550320,충청북도,충청북도 진천군,초평면,Sentinel scar label,0,0.9892529002198487,4310
yecheon_2023,33560110,충청북도,충청북도 괴산군,괴산읍,Sentinel scar label,1,0.4883967304713284,54813
yecheon_2023,33560310,충청북도,충청북도 괴산군,감물면,Sentinel scar label,1,0.5081165054205269,47311
yecheon_2023,33560320,충청북도,충청북도 괴산군,장연면,Sentinel scar label,1,0.5980163079766256,68186
yecheon_2023,33560330,충청북도,충청북도 괴산군,연풍면,Sentinel scar label,1,0.6490220645930357,103647
yecheon_2023,33560340,충청북도,충청북도 괴산군,칠성면,Sentinel scar label,1,0.538365617569599,113523
yecheon_2023,33560350,충청북도,충청북도 괴산군,문광면,Sentinel scar label,1,0.7814962868508846,62234
yecheon_2023,33560360,충청북도,충청북도 괴산군,청천면,Sentinel scar label,1,0.5483234840913449,231838
yecheon_2023,37040360,경상북도,경상북도 안동시,남후면,Sentinel scar label,1,0.8298322148903629,71461
yecheon_2023,37040370,경상북도,경상북도 안동시,남선면,Sentinel scar label,1,0.6246454485700876,65886
yecheon_2023,37040380,경상북도,경상북도 안동시,임하면,Sentinel scar label,1,0.3775045751351848,102732
yecheon_2023,37040390,경상북도,경상북도 안동시,길안면,Sentinel scar label,1,0.34834728739164217,119204
yecheon_2023,37040400,경상북도,경상북도 안동시,임동면,Sentinel scar label,1,0.20538183322120912,53636
yecheon_2023,37040630,경상북도,경상북도 안동시,강남동,Sentinel scar label,1,0.4590457714269058,21651
yecheon_2023,37050330,경상북도,경상북도 구미시,도개면,Sentinel scar label,1,0.7318240170690226,55926
yecheon_2023,33020510,충청북도,충청북도 충주시,성내·충인동,Sentinel scar label,0,0.9376936939922539,555
yecheon_2023,33020540,충청북도,충청북도 충주시,교현2동,Sentinel scar label,0,0.8983556007677335,973
yecheon_2023,33520110,충청북도,충청북도 보은군,보은읍,Sentinel scar label,1,0.4967839905668926,69210
yecheon_2023,33520310,충청북도,충청북도 보은군,속리산면,Sentinel scar label,1,0.38449308000470234,102531
yecheon_2023,33520320,충청북도,충청북도 보은군,장안면,Sentinel scar label,1,0.44485054549425285,33087
yecheon_2023,33520330,충청북도,충청북도 보은군,마로면,Sentinel scar label,1,0.532712134929165,75730
yecheon_2023,37060110,경상북도,경상북도 영주시,풍기읍,Sentinel scar label,1,0.5175403077728234,85218
yecheon_2023,37060310,경상북도,경상북도 영주시,이산면,Sentinel scar label,1,0.3181541631648819,60157
yecheon_2023,37060320,경상북도,경상북도 영주시,평은면,Sentinel scar label,1,0.28774781194362153,70043
yecheon_2023,37060330,경상북도,경상북도 영주시,문수면,Sentinel scar label,1,0.27368232745230375,46677
yecheon_2023,33030320,충청북도,충청북도 제천시,청풍면,Sentinel scar label,1,0.3554764930303279,79445
yecheon_2023,37080520,경상북도,경상북도 상주시,남원동,Sentinel scar label,1,0.40941818170019656,30800
yecheon_2023,37080530,경상북도,경상북도 상주시,북문동,Sentinel scar label,1,0.6247358548703856,15995
yecheon_2023,37080540,경상북도,경상북도 상주시,계림동,Sentinel scar label,0,0.8052876138656718,12934
yecheon_2023,37080560,경상북도,경상북도 상주시,동성동,Sentinel scar label,0,0.5641621827477908,13010
yecheon_2023,37080570,경상북도,경상북도 상주시,신흥동,Sentinel scar label,1,0.6116757380051117,28292
yecheon_2023,33020430,충청북도,충청북도 충주시,대소원면,Sentinel scar label,1,0.6105383109532743,69012
yecheon_2023,33020440,충청북도,충청북도 충주시,중앙탑면,Sentinel scar label,1,0.19543979570098194,17258
yecheon_2023,33020620,충청북도,충청북도 충주시,칠금·금릉동,Sentinel scar label,1,0.7368340065785594,6434
yecheon_2023,33041310,충청북도,충청북도 청주시,낭성면,Sentinel scar label,1,0.8722594330352064,53925
yecheon_2023,33530380,충청북도,충청북도 옥천군,군북면,Sentinel scar label,1,0.8258028275945177,21991
yecheon_2023,33540310,충청북도,충청북도 영동군,용산면,Sentinel scar label,1,0.5091133583299103,25512
yecheon_2023,33560370,충청북도,충청북도 괴산군,청안면,Sentinel scar label,1,0.6303639447064989,78693
yecheon_2023,33560380,충청북도,충청북도 괴산군,사리면,Sentinel scar label,1,0.46661526087892685,56090
yecheon_2023,33560390,충청북도,충청북도 괴산군,소수면,Sentinel scar label,1,0.40998120898251084,51621
yecheon_2023,33560400,충청북도,충청북도 괴산군,불정면,Sentinel scar label,1,0.6006630926627987,67170
yecheon_2023,33570110,충청북도,충청북도 음성군,음성읍,Sentinel scar label,1,0.386036581967502,95675
yecheon_2023,33570120,충청북도,충청북도 음성군,금왕읍,Sentinel scar label,1,0.3637677181539853,41906
yecheon_2023,37090110,경상북도,경상북도 문경시,문경읍,Sentinel scar label,1,0.4343521739039771,172801
yecheon_2023,37090120,경상북도,경상북도 문경시,가은읍,Sentinel scar label,1,0.5234229593649341,170411
yecheon_2023,37090590,경상북도,경상북도 문경시,점촌3동,Sentinel scar label,1,0.8341209879993371,10034
yecheon_2023,37090600,경상북도,경상북도 문경시,점촌4동,Sentinel scar label,1,0.8079973966374594,33042
yecheon_2023,33520340,충청북도,충청북도 보은군,탄부면,Sentinel scar label,1,0.6132698446052509,35072
yecheon_2023,37080440,경상북도,경상북도 상주시,은척면,Sentinel scar label,1,0.43382393099668837,60056
yecheon_2023,37080450,경상북도,경상북도 상주시,공검면,Sentinel scar label,1,0.6510586936134861,43752
yecheon_2023,37080460,경상북도,경상북도 상주시,이안면,Sentinel scar label,1,0.4718982414260908,58354
yecheon_2023,37080470,경상북도,경상북도 상주시,화남면,Sentinel scar label,1,0.3758393521854206,60642
yecheon_2023,33580110,충청북도,충청북도 단양군,단양읍,Sentinel scar label,1,0.6830877293726719,84133
yecheon_2023,33580320,충청북도,충청북도 단양군,대강면,Sentinel scar label,1,0.3777215730913323,148822
yecheon_2023,33580330,충청북도,충청북도 단양군,가곡면,Sentinel scar label,1,0.2165218080146153,75568
yecheon_2023,33580340,충청북도,충청북도 단양군,영춘면,Sentinel scar label,1,0.11249502011272168,29118
yecheon_2023,37040110,경상북도,경상북도 안동시,풍산읍,Sentinel scar label,1,0.4194321616926628,107108
yecheon_2023,37040310,경상북도,경상북도 안동시,와룡면,Sentinel scar label,1,0.30188053967287276,127490
yecheon_2023,37040320,경상북도,경상북도 안동시,북후면,Sentinel scar label,1,0.30792318432068494,85790
yecheon_2023,37040330,경상북도,경상북도 안동시,서후면,Sentinel scar label,1,0.34617804417148756,72128
yecheon_2023,37040340,경상북도,경상북도 안동시,풍천면,Sentinel scar label,1,0.8023474114457284,105431
yecheon_2023,37040350,경상북도,경상북도 안동시,일직면,Sentinel scar label,1,0.8565954440745067,95102
yecheon_2023,37520110,경상북도,경상북도 의성군,의성읍,Sentinel scar label,1,0.8455832440888819,75766
yecheon_2023,37520340,경상북도,경상북도 의성군,사곡면,Sentinel scar label,1,0.7625992141272218,66270
yecheon_2023,37520420,경상북도,경상북도 의성군,단북면,Sentinel scar label,0,0.9610480357361448,26564
yecheon_2023,37520430,경상북도,경상북도 의성군,안계면,Sentinel scar label,1,0.8750938918831087,48513
yecheon_2023,37610350,경상북도,경상북도 봉화군,소천면,Sentinel scar label,0,0.0,6024
yecheon_2023,37040620,경상북도,경상북도 안동시,서구동,Sentinel scar label,1,0.7530011649597392,1716
yecheon_2023,33020560,충청북도,충청북도 충주시,지현동,Sentinel scar label,1,0.5519344266290304,610
yecheon_2023,37040410,경상북도,경상북도 안동시,예안면,Sentinel scar label,1,0.3783886524345497,97465
yecheon_2023,37040420,경상북도,경상북도 안동시,도산면,Sentinel scar label,1,0.2852743348140168,114568
yecheon_2023,37040430,경상북도,경상북도 안동시,녹전면,Sentinel scar label,1,0.31961495819525265,79420
yecheon_2023,37040510,경상북도,경상북도 안동시,중구동,Sentinel scar label,1,0.584647760358636,4443
yecheon_2023,37040520,경상북도,경상북도 안동시,명륜동,Sentinel scar label,1,0.27770352242386315,8574
yecheon_2023,37040540,경상북도,경상북도 안동시,용상동,Sentinel scar label,1,0.42021051205937987,29642
yecheon_2023,37040560,경상북도,경상북도 안동시,태화동,Sentinel scar label,1,0.7480874524724461,2630
yecheon_2023,37040580,경상북도,경상북도 안동시,평화동,Sentinel scar label,1,0.47625269935331577,926
yecheon_2023,37060340,경상북도,경상북도 영주시,장수면,Sentinel scar label,1,0.3461351628817568,46566
yecheon_2023,37060350,경상북도,경상북도 영주시,안정면,Sentinel scar label,1,0.4089081578819094,48725
yecheon_2023,37060360,경상북도,경상북도 영주시,봉현면,Sentinel scar label,1,0.42294130870949853,57692
yecheon_2023,37060370,경상북도,경상북도 영주시,순흥면,Sentinel scar label,1,0.5336114558640729,60261
yecheon_2023,37060380,경상북도,경상북도 영주시,단산면,Sentinel scar label,1,0.409923515028492,90607
yecheon_2023,37060390,경상북도,경상북도 영주시,부석면,Sentinel scar label,1,0.2346909737790739,81320
yecheon_2023,37060510,경상북도,경상북도 영주시,상망동,Sentinel scar label,1,0.3017969821640978,18954
yecheon_2023,37060530,경상북도,경상북도 영주시,하망동,Sentinel scar label,0,0.48504092764632845,1466
yecheon_2023,33580120,충청북도,충청북도 단양군,매포읍,Sentinel scar label,1,0.2729826519223904,21444
yecheon_2023,37520310,경상북도,경상북도 의성군,단촌면,Sentinel scar label,1,0.8004498125522431,81523
yecheon_2023,37520320,경상북도,경상북도 의성군,점곡면,Sentinel scar label,1,0.3898056328931177,72543
yecheon_2023,37520330,경상북도,경상북도 의성군,옥산면,Sentinel scar label,1,0.5562150045537823,114909
yecheon_2023,22520111,대구광역시,대구광역시 군위군,군위읍,Sentinel scar label,0,0.8316897807135111,3533
yecheon_2023,22520311,대구광역시,대구광역시 군위군,소보면,Sentinel scar label,1,0.8666904987840555,37906
yecheon_2023,37060550,경상북도,경상북도 영주시,영주1동,Sentinel scar label,0,0.6358362670518903,1136
yecheon_2023,37060580,경상북도,경상북도 영주시,영주2동,Sentinel scar label,0,0.8559273798987489,1019
yecheon_2023,37060590,경상북도,경상북도 영주시,휴천1동,Sentinel scar label,1,0.31692017819387847,5838
yecheon_2023,37060600,경상북도,경상북도 영주시,휴천2동,Sentinel scar label,1,0.7255115658301674,2248
yecheon_2023,37060610,경상북도,경상북도 영주시,휴천3동,Sentinel scar label,1,0.3860340608915859,10628
yecheon_2023,37060620,경상북도,경상북도 영주시,가흥1동,Sentinel scar label,1,0.3901208498780264,7199
yecheon_2023,37060630,경상북도,경상북도 영주시,가흥2동,Sentinel scar label,1,0.5491746932826378,18999
chuncheon_2020,32010520,강원도,강원도 춘천시,교동,Sentinel scar label,1,0.6728547577884589,599
chuncheon_2020,32010530,강원도,강원도 춘천시,조운동,Sentinel scar label,0,0.8665633802682581,355
chuncheon_2020,32010540,강원도,강원도 춘천시,약사명동,Sentinel scar label,1,0.8929251692428881,588
chuncheon_2020,32010570,강원도,강원도 춘천시,근화동,Sentinel scar label,1,0.9606943536294269,10715
chuncheon_2020,32010580,강원도,강원도 춘천시,소양동,Sentinel scar label,1,0.7832586694134647,1384
chuncheon_2020,32010610,강원도,강원도 춘천시,후평2동,Sentinel scar label,0,0.6920750011038035,800
chuncheon_2020,32010620,강원도,강원도 춘천시,후평3동,Sentinel scar label,1,0.6216779659186505,1180
chuncheon_2020,32010630,강원도,강원도 춘천시,효자1동,Sentinel scar label,0,0.8830058928322932,509
chuncheon_2020,32010650,강원도,강원도 춘천시,효자3동,Sentinel scar label,1,0.7229192545271129,483
chuncheon_2020,32010710,강원도,강원도 춘천시,신사우동,Sentinel scar label,1,0.935620166898146,12932
chuncheon_2020,32510380,강원도,강원도 홍천군,북방면,Sentinel scar label,1,0.7175657933088089,70105
chuncheon_2020,32010320,강원도,강원도 춘천시,동산면,Sentinel scar label,1,0.7349615926218708,89568
chuncheon_2020,32010330,강원도,강원도 춘천시,신동면,Sentinel scar label,1,0.7020826138336689,53404
chuncheon_2020,32010340,강원도,강원도 춘천시,동내면,Sentinel scar label,1,0.6692455512787957,40639
chuncheon_2020,32010350,강원도,강원도 춘천시,남면,Sentinel scar label,1,0.758225625905149,38825
chuncheon_2020,32010360,강원도,강원도 춘천시,남산면,Sentinel scar label,1,0.7652569200839348,81114
chuncheon_2020,32010370,강원도,강원도 춘천시,서면,Sentinel scar label,1,0.6272301069661654,151811
chuncheon_2020,32010380,강원도,강원도 춘천시,사북면,Sentinel scar label,1,0.2985233314006917,96799
chuncheon_2020,32010390,강원도,강원도 춘천시,북산면,Sentinel scar label,1,0.748533641336027,192695
chuncheon_2020,32580110,강원도,강원도 양구군,양구읍,Sentinel scar label,0,0.0,1930
chuncheon_2020,32010600,강원도,강원도 춘천시,후평1동,Sentinel scar label,1,0.7952711107871598,2250
chuncheon_2020,32010640,강원도,강원도 춘천시,효자2동,Sentinel scar label,1,0.6695581170230188,2082
chuncheon_2020,32010660,강원도,강원도 춘천시,석사동,Sentinel scar label,1,0.6533666585213264,4301
chuncheon_2020,32010670,강원도,강원도 춘천시,퇴계동,Sentinel scar label,1,0.6580370206015407,4646
chuncheon_2020,31570110,경기도,경기도 가평군,가평읍,Sentinel scar label,0,0.39182010104146636,4736
chuncheon_2020,32010310,강원도,강원도 춘천시,동면,Sentinel scar label,1,0.8439211835868454,148955
chuncheon_2020,32510110,강원도,강원도 홍천군,홍천읍,Sentinel scar label,0,0.6935220747337841,5775
chuncheon_2020,32510310,강원도,강원도 홍천군,화촌면,Sentinel scar label,1,0.6552423232053256,114413
chuncheon_2020,32510320,강원도,강원도 홍천군,두촌면,Sentinel scar label,0,0.8381637037557232,5119
chuncheon_2020,32510370,강원도,강원도 홍천군,서면,Sentinel scar label,0,1.0,168
chuncheon_2020,31570350,경기도,경기도 가평군,북면,Sentinel scar label,1,0.4496700005167431,26394
chuncheon_2020,32010110,강원도,강원도 춘천시,신북읍,Sentinel scar label,1,0.7103371559132021,63383
chuncheon_2020,32570310,강원도,강원도 화천군,간동면,Sentinel scar label,1,0.013668151717319676,14814
chuncheon_2020,32010680,강원도,강원도 춘천시,강남동,Sentinel scar label,1,0.6533566599033163,16433
