perturbation_type,yecheon_roc_auc,chuncheon_roc_auc,separation_sign,persisted_or_moved_classification,movement_magnitude,source_path,notes
Baseline: Sentinel label + IMERG + Copernicus DEM + default routing,0.449,0.499,Yecheon -; Chuncheon +,"baseline failure: Yecheon inverted, Chuncheon near-random",reference row,REPO_ROOT/draft/tables_v0.1.md,Section 3.1 baseline values.
Parameter corners: phi/c/T 8-corner sweep,0.401-0.514,0.458-0.479,Yecheon +-; Chuncheon +-,caveated: Chuncheon persists; Yecheon crosses 0.5 in 2/8 low-phi+low-c corners but stays <=0.55,max positive vs baseline: Yecheon +0.065; Chuncheon -0.020; full ranges 0.113/0.021,REPO_ROOT/analysis-output/axis4_param_sensitivity.csv,Absolute AUC differs from Section 3.1 because this axis used default-lithology fallback.
Routing family: D8/Dinf/MFD,d8 0.446/dinf 0.446/mfd 0.449,d8 0.467/dinf 0.473/mfd 0.489,Yecheon -; Chuncheon -,persisted,max delta from D8: Yecheon 0.003; Chuncheon 0.021,REPO_ROOT/rejection_upgrade_20260514/analysis-output/routing_backend_shalstab_comparison.csv,All monsoon routing-family AUCs remain below 0.5 with negative separations; deltas for this screening axis are interpreted against its own D8/current-run baseline because the valid mask differs slightly from Section 3.1.
Rainfall field: KMA-AWS-IDW vs IMERG,IMERG 0.446; KMA 0.387,IMERG 0.467; KMA 0.478,Yecheon -; Chuncheon -,persisted,KMA-IMERG delta: Yecheon -0.059; Chuncheon +0.011,REPO_ROOT/rejection_upgrade_20260514/analysis-output/kma_replacement_rainfall_shalstab_screening.csv,"KMA replacement lowers Yecheon and leaves Chuncheon below 0.5; this is a failure-deepening movement for Yecheon, not a recovery toward the NIDR direction."
Additional rainfall magnitude scale: 0.8x/1.0x/1.2x,0.8x 0.447/1.0x 0.448/1.2x 0.451,0.8x 0.496/1.0x 0.495/1.2x 0.497,Yecheon -; Chuncheon +-,persisted,max delta from 1.0x: Yecheon 0.003; Chuncheon 0.002,REPO_ROOT/rejection_upgrade_20260514/analysis-output/rainfall_input_perturbation_sweep.csv,"Existing rainfall-magnitude sweep; not the requested KMA-vs-IMERG field replacement, but included to avoid dropping a prior rainfall run."
DEM product: Copernicus replacement screen,current 0.446; Copernicus 0.448,current 0.467; Copernicus 0.478,Yecheon -; Chuncheon -,persisted,Copernicus-current delta: Yecheon +0.002; Chuncheon +0.011,REPO_ROOT/rejection_upgrade_20260514/analysis-output/independent_dem_copernicus_shalstab_screening.json,"Both monsoon AUCs remain below 0.5; deltas are within the Copernicus screening run, whose current-run baseline differs slightly from Section 3.1."
Additional DEM resolution screen: native/60m/90m aggregation,30m 0.446/60m 0.427/90m 0.433,30m 0.467/60m 0.477/90m 0.490,Yecheon -; Chuncheon +-,persisted with sign caveat,max positive delta from native: Yecheon +0.000; Chuncheon +0.023,REPO_ROOT/rejection_upgrade_20260514/analysis-output/dem_resolution_screening.json,"Chuncheon 90m separation becomes positive, but ROC-AUC remains below 0.5."
Label source: Sentinel-only vs NIDR-only,Sentinel 0.449; NIDR 0.608,Sentinel 0.499; NIDR 0.635,Yecheon -->+; Chuncheon +->+,moved materially,NIDR-Sentinel delta: Yecheon +0.159; Chuncheon +0.135,REPO_ROOT/rejection_upgrade_20260514/analysis-output/label_paired_metrics_table.csv,NIDR positives are small: Yecheon 231 px; Chuncheon 17 px.
Additional executed label/sampling/timing envelope,0.402-0.502,0.385-0.672,not summarized in envelope artifact,moved materially for Chuncheon; caveated for Yecheon,max positive vs canonical: Yecheon +0.053; Chuncheon +0.173,REPO_ROOT/rejection_upgrade_20260514/analysis-output/auc_perturbation_envelope.json,"Not one of the four specified physical/input axes, but relevant prior executed label-side/sampling evidence; it prevents a clean 'only NIDR' claim."
