event_id,event,label_source,threshold,quadrant,variable,units,probability_raster,label_raster,terrain_source,n,mean,median,q05,q10,q25,q75,q90,q95
pohang_2022,Pohang 2022,Sentinel scar label,0.5,TP,slope_degrees,degrees,REPO_ROOT/out/pohang_2022/prob_unstable.tif,REPO_ROOT/out/pohang_2022/consensus_label.tif,REPO_ROOT/out/pohang_2022/dem_utm.tif,1005,5.1346235275268555,1.5051991939544678,0.0,0.0,0.0,9.4246187210083,15.937118148803712,20.05881996154785
pohang_2022,Pohang 2022,Sentinel scar label,0.5,TP,elevation_m,m,REPO_ROOT/out/pohang_2022/prob_unstable.tif,REPO_ROOT/out/pohang_2022/consensus_label.tif,REPO_ROOT/out/pohang_2022/dem_utm.tif,1005,52.082801818847656,36.048980712890625,0.0,0.0,0.0,80.94327545166016,163.5,163.63778991699218
pohang_2022,Pohang 2022,Sentinel scar label,0.5,FN,slope_degrees,degrees,REPO_ROOT/out/pohang_2022/prob_unstable.tif,REPO_ROOT/out/pohang_2022/consensus_label.tif,REPO_ROOT/out/pohang_2022/dem_utm.tif,94,12.982272148132324,12.371076583862305,7.029865598678589,7.624106121063233,9.50253939628601,16.197455406188965,18.436379432678223,19.454067802429194
pohang_2022,Pohang 2022,Sentinel scar label,0.5,FN,elevation_m,m,REPO_ROOT/out/pohang_2022/prob_unstable.tif,REPO_ROOT/out/pohang_2022/consensus_label.tif,REPO_ROOT/out/pohang_2022/dem_utm.tif,94,92.24710845947266,97.93737411499023,4.3900947928428655,10.324455642700197,44.9825439453125,134.43251419067383,160.31612854003907,202.55055847167966
pohang_2022,Pohang 2022,Sentinel scar label,0.5,FP,slope_degrees,degrees,REPO_ROOT/out/pohang_2022/prob_unstable.tif,REPO_ROOT/out/pohang_2022/consensus_label.tif,REPO_ROOT/out/pohang_2022/dem_utm.tif,633635,5.092800140380859,0.7077347040176392,0.0,0.0,0.0,7.521113634109497,17.33292121887206,22.489935111999507
pohang_2022,Pohang 2022,Sentinel scar label,0.5,FP,elevation_m,m,REPO_ROOT/out/pohang_2022/prob_unstable.tif,REPO_ROOT/out/pohang_2022/consensus_label.tif,REPO_ROOT/out/pohang_2022/dem_utm.tif,633635,49.17006301879883,7.036489963531494,0.0,0.0,0.0,60.88924789428711,153.77473449707028,240.03915405273432
pohang_2022,Pohang 2022,Sentinel scar label,0.5,TN,slope_degrees,degrees,REPO_ROOT/out/pohang_2022/prob_unstable.tif,REPO_ROOT/out/pohang_2022/consensus_label.tif,REPO_ROOT/out/pohang_2022/dem_utm.tif,277650,14.171834945678711,14.059672355651855,0.0,0.0,0.0,22.602461338043213,30.366946029663087,34.043497276306155
pohang_2022,Pohang 2022,Sentinel scar label,0.5,TN,elevation_m,m,REPO_ROOT/out/pohang_2022/prob_unstable.tif,REPO_ROOT/out/pohang_2022/consensus_label.tif,REPO_ROOT/out/pohang_2022/dem_utm.tif,277650,164.57186889648438,111.86649703979492,0.0,0.0,0.0,244.40361404418945,454.28828735351567,561.7534881591797
yecheon_2023,Yecheon 2023,Sentinel scar label,0.5,TP,slope_degrees,degrees,REPO_ROOT/out/extreme_rainfall_2023/prob_unstable.tif,REPO_ROOT/out/extreme_rainfall_2023/consensus_label.tif,REPO_ROOT/out/extreme_rainfall_2023/dem_utm.tif,88774,20.773761749267578,21.297308921813965,3.123446238040925,7.6726157665252686,14.636523246765137,27.607750415802002,32.76052474975586,35.28583297729491
yecheon_2023,Yecheon 2023,Sentinel scar label,0.5,TP,elevation_m,m,REPO_ROOT/out/extreme_rainfall_2023/prob_unstable.tif,REPO_ROOT/out/extreme_rainfall_2023/consensus_label.tif,REPO_ROOT/out/extreme_rainfall_2023/dem_utm.tif,88774,374.33465576171875,275.1347961425781,131.4885726928711,149.5,199.12880325317383,453.77832794189453,806.7630126953123,949.3652587890623
yecheon_2023,Yecheon 2023,Sentinel scar label,0.5,FN,slope_degrees,degrees,REPO_ROOT/out/extreme_rainfall_2023/prob_unstable.tif,REPO_ROOT/out/extreme_rainfall_2023/consensus_label.tif,REPO_ROOT/out/extreme_rainfall_2023/dem_utm.tif,94733,24.414913177490234,24.810333251953125,11.69234619140625,14.609347915649415,19.520402908325195,29.735387802124023,33.56101303100586,35.602326202392575
yecheon_2023,Yecheon 2023,Sentinel scar label,0.5,FN,elevation_m,m,REPO_ROOT/out/extreme_rainfall_2023/prob_unstable.tif,REPO_ROOT/out/extreme_rainfall_2023/consensus_label.tif,REPO_ROOT/out/extreme_rainfall_2023/dem_utm.tif,94733,531.152587890625,420.3456115722656,177.8451354980469,221.82607421875,288.8870849609375,734.9855346679688,1009.6701538085939,1193.7393798828123
yecheon_2023,Yecheon 2023,Sentinel scar label,0.5,FP,slope_degrees,degrees,REPO_ROOT/out/extreme_rainfall_2023/prob_unstable.tif,REPO_ROOT/out/extreme_rainfall_2023/consensus_label.tif,REPO_ROOT/out/extreme_rainfall_2023/dem_utm.tif,6043493,14.703436851501465,13.695204734802246,0.23769739866256717,0.838047993183136,3.8063087463378906,23.54021453857422,30.771377563476562,34.252677154541004
yecheon_2023,Yecheon 2023,Sentinel scar label,0.5,FP,elevation_m,m,REPO_ROOT/out/extreme_rainfall_2023/prob_unstable.tif,REPO_ROOT/out/extreme_rainfall_2023/consensus_label.tif,REPO_ROOT/out/extreme_rainfall_2023/dem_utm.tif,6043493,241.2802734375,205.27903747558594,57.12699432373047,73.47333374023438,124.83634185791016,316.33837890625,450.73723754882803,563.3747436523437
yecheon_2023,Yecheon 2023,Sentinel scar label,0.5,TN,slope_degrees,degrees,REPO_ROOT/out/extreme_rainfall_2023/prob_unstable.tif,REPO_ROOT/out/extreme_rainfall_2023/consensus_label.tif,REPO_ROOT/out/extreme_rainfall_2023/dem_utm.tif,4886520,19.473756790161133,19.509780883789062,5.053288888931275,7.93186149597168,13.350793600082397,25.35332489013672,30.35981063842774,33.19206657409668
yecheon_2023,Yecheon 2023,Sentinel scar label,0.5,TN,elevation_m,m,REPO_ROOT/out/extreme_rainfall_2023/prob_unstable.tif,REPO_ROOT/out/extreme_rainfall_2023/consensus_label.tif,REPO_ROOT/out/extreme_rainfall_2023/dem_utm.tif,4886520,328.8364562988281,281.51251220703125,96.15436134338378,126.3760482788086,188.5736961364746,424.3309631347656,608.4450256347657,729.2918365478513
yecheon_2023,Yecheon 2023,NIDR-only pixel label,0.5,TP,slope_degrees,degrees,REPO_ROOT/out/extreme_rainfall_2023/prob_unstable.tif,REPO_ROOT/out/extreme_rainfall_2023/consensus_label_variant_B.tif,REPO_ROOT/out/extreme_rainfall_2023/dem_utm.tif,153,10.591086387634277,9.427406311035156,0.4108104586601258,0.7437115311622621,2.7316343784332275,17.43428611755371,22.5560546875,25.72410659790039
yecheon_2023,Yecheon 2023,NIDR-only pixel label,0.5,TP,elevation_m,m,REPO_ROOT/out/extreme_rainfall_2023/prob_unstable.tif,REPO_ROOT/out/extreme_rainfall_2023/consensus_label_variant_B.tif,REPO_ROOT/out/extreme_rainfall_2023/dem_utm.tif,153,221.8191375732422,191.00120544433594,75.30216217041016,86.81782989501953,140.22723388671875,270.0154724121094,352.46342773437505,515.5023071289063
yecheon_2023,Yecheon 2023,NIDR-only pixel label,0.5,FN,slope_degrees,degrees,REPO_ROOT/out/extreme_rainfall_2023/prob_unstable.tif,REPO_ROOT/out/extreme_rainfall_2023/consensus_label_variant_B.tif,REPO_ROOT/out/extreme_rainfall_2023/dem_utm.tif,78,16.796592712402344,17.121421813964844,5.544300937652588,6.712934732437134,11.700578212738037,22.14598560333252,24.68697910308838,25.188243579864498
yecheon_2023,Yecheon 2023,NIDR-only pixel label,0.5,FN,elevation_m,m,REPO_ROOT/out/extreme_rainfall_2023/prob_unstable.tif,REPO_ROOT/out/extreme_rainfall_2023/consensus_label_variant_B.tif,REPO_ROOT/out/extreme_rainfall_2023/dem_utm.tif,78,231.88536071777344,212.55602264404297,85.1545295715332,95.6406982421875,151.35203552246094,276.6776428222656,336.1418304443359,412.9873107910141
yecheon_2023,Yecheon 2023,NIDR-only pixel label,0.5,FP,slope_degrees,degrees,REPO_ROOT/out/extreme_rainfall_2023/prob_unstable.tif,REPO_ROOT/out/extreme_rainfall_2023/consensus_label_variant_B.tif,REPO_ROOT/out/extreme_rainfall_2023/dem_utm.tif,6132114,14.791420936584473,13.861305236816406,0.2423363476991654,0.8523383140563966,3.8851046562194824,23.631500720977783,30.81656150817871,34.273637199401854
yecheon_2023,Yecheon 2023,NIDR-only pixel label,0.5,FP,elevation_m,m,REPO_ROOT/out/extreme_rainfall_2023/prob_unstable.tif,REPO_ROOT/out/extreme_rainfall_2023/consensus_label_variant_B.tif,REPO_ROOT/out/extreme_rainfall_2023/dem_utm.tif,6132114,243.20704650878906,206.509765625,57.40658550262451,73.87722396850586,125.97039413452148,317.6983184814453,454.2494201660156,570.2731140136718
yecheon_2023,Yecheon 2023,NIDR-only pixel label,0.5,TN,slope_degrees,degrees,REPO_ROOT/out/extreme_rainfall_2023/prob_unstable.tif,REPO_ROOT/out/extreme_rainfall_2023/consensus_label_variant_B.tif,REPO_ROOT/out/extreme_rainfall_2023/dem_utm.tif,4981175,19.56777572631836,19.61666488647461,5.117780685424806,8.010176658630371,13.448265552520752,25.46482753753662,30.462300872802736,33.27970542907714
yecheon_2023,Yecheon 2023,NIDR-only pixel label,0.5,TN,elevation_m,m,REPO_ROOT/out/extreme_rainfall_2023/prob_unstable.tif,REPO_ROOT/out/extreme_rainfall_2023/consensus_label_variant_B.tif,REPO_ROOT/out/extreme_rainfall_2023/dem_utm.tif,4981175,332.6856994628906,283.7126159667969,96.78073654174806,127.37195129394532,189.92401123046875,428.1070861816406,616.9706176757813,741.5279235839844
chuncheon_2020,Chuncheon 2020,Sentinel scar label,0.5,TP,slope_degrees,degrees,REPO_ROOT/out/chuncheon_2020/prob_unstable.tif,REPO_ROOT/out/chuncheon_2020/consensus_label.tif,REPO_ROOT/out/chuncheon_2020/dem_utm.tif,11137,20.932891845703125,22.438453674316406,0.2749825298786177,3.400286769866944,13.81251049041748,28.634357452392578,33.69160919189453,36.94874191284178
chuncheon_2020,Chuncheon 2020,Sentinel scar label,0.5,TP,elevation_m,m,REPO_ROOT/out/chuncheon_2020/prob_unstable.tif,REPO_ROOT/out/chuncheon_2020/consensus_label.tif,REPO_ROOT/out/chuncheon_2020/dem_utm.tif,11137,356.06744384765625,337.4867858886719,68.5,70.5,183.97067260742188,523.909912109375,653.3115478515625,715.9879516601562
chuncheon_2020,Chuncheon 2020,Sentinel scar label,0.5,FN,slope_degrees,degrees,REPO_ROOT/out/chuncheon_2020/prob_unstable.tif,REPO_ROOT/out/chuncheon_2020/consensus_label.tif,REPO_ROOT/out/chuncheon_2020/dem_utm.tif,4434,22.937707901000977,22.975686073303223,12.092932415008544,14.850932216644287,18.79733371734619,27.13119602203369,31.22039661407471,33.77903385162354
chuncheon_2020,Chuncheon 2020,Sentinel scar label,0.5,FN,elevation_m,m,REPO_ROOT/out/chuncheon_2020/prob_unstable.tif,REPO_ROOT/out/chuncheon_2020/consensus_label.tif,REPO_ROOT/out/chuncheon_2020/dem_utm.tif,4434,424.3572998046875,414.84068298339844,114.30113639831544,179.007177734375,333.636962890625,539.7703552246094,645.862225341797,690.9994995117186
chuncheon_2020,Chuncheon 2020,Sentinel scar label,0.5,FP,slope_degrees,degrees,REPO_ROOT/out/chuncheon_2020/prob_unstable.tif,REPO_ROOT/out/chuncheon_2020/consensus_label.tif,REPO_ROOT/out/chuncheon_2020/dem_utm.tif,906347,19.283802032470703,20.945472717285156,0.0,1.229161834716797,9.077792644500732,28.360983848571777,33.46583099365235,36.24949264526367
chuncheon_2020,Chuncheon 2020,Sentinel scar label,0.5,FP,elevation_m,m,REPO_ROOT/out/chuncheon_2020/prob_unstable.tif,REPO_ROOT/out/chuncheon_2020/consensus_label.tif,REPO_ROOT/out/chuncheon_2020/dem_utm.tif,906347,292.2684020996094,271.67535400390625,72.72641143798828,89.7014389038086,171.68089294433594,393.8341522216797,525.072900390625,602.7199584960937
chuncheon_2020,Chuncheon 2020,Sentinel scar label,0.5,TN,slope_degrees,degrees,REPO_ROOT/out/chuncheon_2020/prob_unstable.tif,REPO_ROOT/out/chuncheon_2020/consensus_label.tif,REPO_ROOT/out/chuncheon_2020/dem_utm.tif,337986,21.187789916992188,21.07422637939453,4.022767901420593,8.436153888702393,15.10914659500122,26.626148223876953,32.08486366271973,35.28546333312988
chuncheon_2020,Chuncheon 2020,Sentinel scar label,0.5,TN,elevation_m,m,REPO_ROOT/out/chuncheon_2020/prob_unstable.tif,REPO_ROOT/out/chuncheon_2020/consensus_label.tif,REPO_ROOT/out/chuncheon_2020/dem_utm.tif,337986,327.26751708984375,303.9877014160156,101.0,123.91305541992188,183.440673828125,445.24842071533203,580.6286926269531,652.335205078125
chuncheon_2020,Chuncheon 2020,NIDR-only pixel label,0.5,TP,slope_degrees,degrees,REPO_ROOT/out/chuncheon_2020/prob_unstable.tif,REPO_ROOT/out/chuncheon_2020/consensus_label_variant_B.tif,REPO_ROOT/out/chuncheon_2020/dem_utm.tif,16,14.19444465637207,14.589277744293213,2.984741449356079,3.0856287479400635,10.251250386238098,20.53506898880005,22.60673236846924,23.074199676513672
chuncheon_2020,Chuncheon 2020,NIDR-only pixel label,0.5,TP,elevation_m,m,REPO_ROOT/out/chuncheon_2020/prob_unstable.tif,REPO_ROOT/out/chuncheon_2020/consensus_label_variant_B.tif,REPO_ROOT/out/chuncheon_2020/dem_utm.tif,16,248.4408721923828,281.4948425292969,74.91695594787598,75.93870544433594,221.61254501342773,326.53182220458984,337.93922424316406,341.8494567871094
chuncheon_2020,Chuncheon 2020,NIDR-only pixel label,0.5,FN,slope_degrees,degrees,REPO_ROOT/out/chuncheon_2020/prob_unstable.tif,REPO_ROOT/out/chuncheon_2020/consensus_label_variant_B.tif,REPO_ROOT/out/chuncheon_2020/dem_utm.tif,1,20.499080657958984,20.499080657958984,20.499080657958984,20.499080657958984,20.499080657958984,20.499080657958984,20.499080657958984,20.499080657958984
chuncheon_2020,Chuncheon 2020,NIDR-only pixel label,0.5,FN,elevation_m,m,REPO_ROOT/out/chuncheon_2020/prob_unstable.tif,REPO_ROOT/out/chuncheon_2020/consensus_label_variant_B.tif,REPO_ROOT/out/chuncheon_2020/dem_utm.tif,1,349.3017883300781,349.3017883300781,349.3017883300781,349.3017883300781,349.3017883300781,349.3017883300781,349.3017883300781,349.3017883300781
chuncheon_2020,Chuncheon 2020,NIDR-only pixel label,0.5,FP,slope_degrees,degrees,REPO_ROOT/out/chuncheon_2020/prob_unstable.tif,REPO_ROOT/out/chuncheon_2020/consensus_label_variant_B.tif,REPO_ROOT/out/chuncheon_2020/dem_utm.tif,917468,19.303903579711914,20.970484733581543,0.0,1.2399772405624392,9.140024662017822,28.36433172225952,33.469007110595705,36.258532142639154
chuncheon_2020,Chuncheon 2020,NIDR-only pixel label,0.5,FP,elevation_m,m,REPO_ROOT/out/chuncheon_2020/prob_unstable.tif,REPO_ROOT/out/chuncheon_2020/consensus_label_variant_B.tif,REPO_ROOT/out/chuncheon_2020/dem_utm.tif,917468,293.0436096191406,272.30657958984375,72.36045684814454,89.43280181884766,171.9295425415039,394.9804382324219,527.3119506835938,605.475564575195
chuncheon_2020,Chuncheon 2020,NIDR-only pixel label,0.5,TN,slope_degrees,degrees,REPO_ROOT/out/chuncheon_2020/prob_unstable.tif,REPO_ROOT/out/chuncheon_2020/consensus_label_variant_B.tif,REPO_ROOT/out/chuncheon_2020/dem_utm.tif,342419,21.21044921875,21.106048583984375,4.118725347518922,8.50681667327881,15.169591903686523,26.634222984313965,32.07297668457032,35.264833450317376
chuncheon_2020,Chuncheon 2020,NIDR-only pixel label,0.5,TN,elevation_m,m,REPO_ROOT/out/chuncheon_2020/prob_unstable.tif,REPO_ROOT/out/chuncheon_2020/consensus_label_variant_B.tif,REPO_ROOT/out/chuncheon_2020/dem_utm.tif,342419,328.524658203125,305.86273193359375,101.0,124.09238128662109,184.24913024902344,446.8003692626953,581.885107421875,653.4813659667967
