event,ADM_CD,SIDO,SIGUNGU,EMD,positive,mean_prob,p90_prob,unit_area_m2,pixel_count,mean_elevation_m,relief_m,log_unit_area_m2
yecheon_2023,32530380,강원도,강원도 영월군,김삿갓면,0,0.0,0.0,171264520.78755254,2,0.0,0.0,18.958719824431906
yecheon_2023,37090330,경상북도,경상북도 문경시,호계면,0,0.8194070663406267,1.0,53686029.39211054,59602,233.89996337890625,730.236083984375,17.79866336533564
yecheon_2023,37090360,경상북도,경상북도 문경시,마성면,0,0.8665120342479322,1.0,75198681.08777948,83467,343.8221435546875,962.5696411132812,18.135644250039928
yecheon_2023,37090370,경상북도,경상북도 문경시,농암면,0,0.5095613659785586,1.0,103403552.33906408,114811,387.59002685546875,833.673828125,18.45414987475857
yecheon_2023,37090570,경상북도,경상북도 문경시,점촌1동,0,0.7313320265752679,1.0,920319.4986198517,1021,100.15152740478516,161.58831787109375,13.732476169845631
yecheon_2023,37090580,경상북도,경상북도 문경시,점촌2동,0,0.9049297445014122,1.0,4559221.848497204,5053,69.82391357421875,50.04521942138672,15.332662519669283
yecheon_2023,37040590,경상북도,경상북도 안동시,안기동,0,0.2631802339812071,1.0,7232610.017258616,8034,182.95301818847656,170.99105834960938,15.794110527228467
yecheon_2023,37040600,경상북도,경상북도 안동시,옥동,0,0.4849875104174694,1.0,4324425.784168286,4804,118.86540222167969,92.390380859375,15.27978992286755
yecheon_2023,37040610,경상북도,경상북도 안동시,송하동,0,0.4310476278846926,1.0,9574921.267924314,10624,128.8632049560547,147.1739044189453,16.07465787032609
yecheon_2023,33030330,충청북도,충청북도 제천시,수산면,0,0.6094035629315062,1.0,88906128.49158005,98686,309.01361083984375,853.6065063476562,18.303091635021254
yecheon_2023,33580310,충청북도,충청북도 단양군,단성면,0,0.6890736582530199,1.0,73068290.41273901,81104,435.62158203125,862.2586059570312,18.10690504692519
yecheon_2023,33580360,충청북도,충청북도 단양군,적성면,0,0.627771988990757,1.0,72410307.44443952,59129,324.98516845703125,982.5511474609375,18.0978592152397
yecheon_2023,37050110,경상북도,경상북도 구미시,선산읍,0,0.6455570868989455,1.0,67024850.50519553,4353,84.77740478515625,396.2109680175781,18.02057401165032
yecheon_2023,37050320,경상북도,경상북도 구미시,옥성면,0,0.5091032410503538,1.0,66434437.734967455,63763,187.4468231201172,520.485595703125,18.011726120585976
yecheon_2023,37080110,경상북도,경상북도 상주시,함창읍,0,0.7230943904016311,1.0,43539489.33129983,48352,102.02843475341797,333.9485778808594,17.58917888497658
yecheon_2023,37080320,경상북도,경상북도 상주시,중동면,0,0.8916121544627799,1.0,52000993.39066685,57724,106.04842376708984,380.10198974609375,17.7667733800299
yecheon_2023,37080330,경상북도,경상북도 상주시,낙동면,0,0.543678238677488,1.0,90032183.88289706,99950,178.02987670898438,750.724853515625,18.31567776307022
yecheon_2023,37080480,경상북도,경상북도 상주시,사벌국면,0,0.7240017419326065,1.0,56881431.560307264,63140,84.25859832763672,337.8481140136719,17.85647951122109
yecheon_2023,37080550,경상북도,경상북도 상주시,동문동,0,0.66864174705353,1.0,18038597.863658175,20011,103.52847290039062,448.51531982421875,16.7080243458341
yecheon_2023,37090310,경상북도,경상북도 문경시,영순면,0,0.6446730934244399,1.0,38872878.5166731,43147,93.16845703125,222.75701904296875,17.475807355056194
yecheon_2023,37090320,경상북도,경상북도 문경시,산양면,0,0.5283275048460463,1.0,32981053.18936545,36604,106.58961486816406,299.69036865234375,17.31144380876915
yecheon_2023,37090340,경상북도,경상북도 문경시,산북면,0,0.4488046424363173,1.0,112326616.70555986,124674,357.10552978515625,1010.2402954101562,18.536921405922282
yecheon_2023,37090350,경상북도,경상북도 문경시,동로면,0,0.2911556990923177,1.0,142864051.807857,158588,566.2006225585938,972.2832641601562,18.77740404937666
yecheon_2023,37050310,경상북도,경상북도 구미시,무을면,0,0.6689306111759274,1.0,44625062.692649506,13821,299.25396728515625,692.8386840820312,17.613806202940392
yecheon_2023,37080340,경상북도,경상북도 상주시,청리면,0,0.6351557370180261,1.0,39559390.616186425,43920,184.4057159423828,636.3895263671875,17.493313660560364
yecheon_2023,37080350,경상북도,경상북도 상주시,공성면,0,0.6032232714251777,1.0,89213352.10213463,64661,218.99058532714844,684.498779296875,18.306541273591883
yecheon_2023,37080360,경상북도,경상북도 상주시,외남면,0,0.5320897094512549,1.0,33206526.038789783,36852,190.2608184814453,458.94439697265625,17.318256982003298
yecheon_2023,37080370,경상북도,경상북도 상주시,내서면,0,0.4678752187876646,1.0,80541746.12641661,89421,236.63412475585938,643.7274780273438,18.204286193391166
yecheon_2023,37080380,경상북도,경상북도 상주시,모동면,0,0.745006130874895,1.0,70658279.84046513,66868,334.19189453125,927.7072143554688,18.073365855422118
yecheon_2023,37080390,경상북도,경상북도 상주시,모서면,0,0.6788369641057185,1.0,84569226.47100984,93875,307.09320068359375,922.5154418945312,18.253081005104416
yecheon_2023,37080400,경상북도,경상북도 상주시,화동면,0,0.7461432603438152,1.0,56158207.97019771,62348,319.22784423828125,660.862060546875,17.84368340781014
yecheon_2023,37080410,경상북도,경상북도 상주시,화서면,0,0.3986471584740442,1.0,59467292.24926155,66024,359.05499267578125,612.7674560546875,17.900937009273424
yecheon_2023,37080420,경상북도,경상북도 상주시,화북면,0,0.3637346460403654,1.0,98990608.78659712,109906,490.8216552734375,809.8660888671875,18.410535542857858
yecheon_2023,37080430,경상북도,경상북도 상주시,외서면,0,0.3705600145573499,1.0,88201366.76539826,97926,259.8143005371094,728.4631958007812,18.295133017063286
yecheon_2023,37520370,경상북도,경상북도 의성군,금성면,0,0.6933725015973005,1.0,73619353.16810906,20169,150.1876220703125,520.796142578125,18.114418499787295
yecheon_2023,37520380,경상북도,경상북도 의성군,봉양면,0,0.8411592757327697,1.0,67096359.49440494,67844,126.82199096679688,346.0892028808594,18.021640345543158
yecheon_2023,37520390,경상북도,경상북도 의성군,비안면,0,0.8386869511782573,1.0,65381925.68588101,72564,112.53450012207031,335.35577392578125,17.99575641257209
yecheon_2023,37520400,경상북도,경상북도 의성군,구천면,0,0.8978541983634151,1.0,43679341.59245112,48490,147.61314392089844,653.4498901367188,17.592385815854424
yecheon_2023,37520410,경상북도,경상북도 의성군,단밀면,0,0.8359145625018719,1.0,53743510.299609445,59646,113.01153564453125,461.34466552734375,17.799733479070635
yecheon_2023,37520440,경상북도,경상북도 의성군,다인면,0,0.8864673214658682,1.0,89679854.34921847,99542,121.79010772705078,537.3485717773438,18.311756712610205
yecheon_2023,37520450,경상북도,경상북도 의성군,신평면,0,0.8535903061615453,1.0,55681334.19185826,61783,244.5279083251953,431.5499267578125,17.83515553548242
yecheon_2023,37520460,경상북도,경상북도 의성군,안평면,0,0.8390256867263524,1.0,101066239.20211346,112151,192.1699676513672,419.21929931640625,18.431286693524896
yecheon_2023,37520470,경상북도,경상북도 의성군,안사면,0,0.8651815157272821,1.0,61665930.58135819,68451,216.76710510253906,463.92864990234375,17.937242157784734
yecheon_2023,37530340,경상북도,경상북도 청송군,현서면,0,0.287364911704994,1.0,112641656.2680926,8550,356.8484802246094,580.760498046875,18.53972215435053
yecheon_2023,37090610,경상북도,경상북도 문경시,점촌5동,0,0.7642077455702107,1.0,2045914.527956803,2272,95.1264877319336,160.9123992919922,14.531355449428922
yecheon_2023,37600110,경상북도,경상북도 예천군,예천읍,0,0.5148782970750861,1.0,47716153.89658352,52957,127.47166442871094,307.36962890625,17.680780554640393
yecheon_2023,37600310,경상북도,경상북도 예천군,용문면,1,0.3339635278507928,1.0,71311492.55851758,79129,311.239990234375,718.18701171875,18.082568058349427
yecheon_2023,37600340,경상북도,경상북도 예천군,감천면,1,0.3202925246603015,1.0,65541802.10478804,72746,201.95880126953125,595.2420654296875,17.99819869711552
yecheon_2023,37600350,경상북도,경상북도 예천군,보문면,0,0.3590407915781651,1.0,65362706.36470542,72539,228.8612518310547,773.1412963867188,17.99546241470751
yecheon_2023,37600121,경상북도,경상북도 예천군,호명읍,0,0.6077395685655377,1.0,62639337.38297375,69531,128.582275390625,455.9488525390625,17.95290403141357
yecheon_2023,37600370,경상북도,경상북도 예천군,유천면,0,0.4821965044900982,1.0,38755034.73705751,43032,171.5655975341797,622.21630859375,17.472771234021884
yecheon_2023,37600380,경상북도,경상북도 예천군,용궁면,0,0.6203714433504399,1.0,32024590.43311108,35537,89.34996795654297,268.41827392578125,17.2820146166914
yecheon_2023,37600390,경상북도,경상북도 예천군,개포면,0,0.5695846940223606,1.0,36397254.44904844,40404,106.85308074951172,186.01849365234375,17.41000390253825
yecheon_2023,37600400,경상북도,경상북도 예천군,지보면,0,0.6185505507830042,1.0,79867985.7488486,88613,116.9735336303711,277.9433898925781,18.1958856514551
yecheon_2023,37600410,경상북도,경상북도 예천군,풍양면,0,0.7322010298690877,1.0,63674207.975324646,70676,101.41780853271484,372.1518859863281,17.96929014020237
yecheon_2023,37600420,경상북도,경상북도 예천군,효자면,1,0.290553995964905,1.0,67068693.51590796,74459,566.254638671875,904.53662109375,18.02122792847525
yecheon_2023,37600430,경상북도,경상북도 예천군,은풍면,1,0.3161838119467307,1.0,34516221.24856098,38300,313.6580505371094,697.8871459960938,17.35693995261879
yecheon_2023,37610110,경상북도,경상북도 봉화군,봉화읍,0,0.3183252590324592,1.0,74794188.28059898,82980,245.32362365722656,416.7461242675781,18.130250743142717
yecheon_2023,37610310,경상북도,경상북도 봉화군,물야면,0,0.2630848037437363,1.0,109595797.17567362,116056,402.7388610839844,1196.0919189453125,18.512309584805642
yecheon_2023,37610320,경상북도,경상북도 봉화군,봉성면,0,0.3291596727265397,1.0,66599391.240005806,73876,433.1581115722656,967.4332885742188,18.01420599492839
yecheon_2023,37610330,경상북도,경상북도 봉화군,법전면,0,0.2072234658649113,0.9800000190734864,70519200.90821068,39308,425.1949768066406,692.6981811523438,18.07139558400902
yecheon_2023,37610340,경상북도,경상북도 봉화군,춘양면,0,0.1663508702494515,0.7300000190734863,167789711.75497466,107316,540.566650390625,1197.45166015625,18.938222037572842
yecheon_2023,33570310,충청북도,충청북도 음성군,소이면,0,0.6008952707965663,1.0,48749814.481054634,54140,199.9051971435547,402.38055419921875,17.70221194988406
yecheon_2023,33570320,충청북도,충청북도 음성군,원남면,0,0.4422564215183288,1.0,64535617.50313749,71671,215.24900817871094,513.8272094726562,17.982727838705493
yecheon_2023,33570330,충청북도,충청북도 음성군,맹동면,0,0.9252899692065886,1.0,34610868.54956326,13898,73.93486785888672,420.8876953125,17.35967831063219
yecheon_2023,33570360,충청북도,충청북도 음성군,생극면,0,0.0327661048540945,0.0099999997764825,55951951.46582008,12993,181.7862091064453,638.947265625,17.840003870859626
yecheon_2023,33590140,충청북도,충청북도 증평군,증평읍,0,0.6553974031655728,1.0,55469690.1475043,53535,143.08270263671875,646.4832153320312,17.831347306068533
yecheon_2023,33590310,충청북도,충청북도 증평군,도안면,0,0.5912018555595495,1.0,26430657.318662323,29313,123.33910369873047,486.1781311035156,17.090035156443832
yecheon_2023,37610380,경상북도,경상북도 봉화군,명호면,0,0.2271396989030692,0.959999978542328,114842014.44374256,103129,409.3768005371094,895.1376342773438,18.559067954370697
yecheon_2023,37610390,경상북도,경상북도 봉화군,상운면,0,0.3337555197594589,1.0,58973334.82309911,65445,322.2847595214844,625.1058959960938,17.892595947557975
yecheon_2023,33020530,충청북도,충청북도 충주시,교현·안림동,0,0.6357735141328841,1.0,27660008.165746372,30704,269.7064208984375,698.1544799804688,17.13549817941944
yecheon_2023,33020550,충청북도,충청북도 충주시,용산동,0,0.7139006273545482,1.0,1568780.4111063934,1751,180.776611328125,386.1126708984375,14.265809067240163
yecheon_2023,33044110,충청북도,충청북도 청주시,내수읍,0,0.6366627644955829,1.0,55283681.937147595,15378,156.6474151611328,525.5418090820312,17.82798834043626
yecheon_2023,33044310,충청북도,충청북도 청주시,북이면,0,0.5642829135342895,1.0,47313835.75438993,13262,84.41136169433594,270.1864318847656,17.672313321352892
yecheon_2023,33020110,충청북도,충청북도 충주시,주덕읍,0,0.4337959680994752,1.0,48219412.58281023,51394,132.2558135986328,404.97760009765625,17.691272248619253
yecheon_2023,33020310,충청북도,충청북도 충주시,살미면,0,0.6367204747156399,1.0,90328837.28408772,100295,245.88018798828125,678.4337768554688,18.318967317174344
yecheon_2023,33020320,충청북도,충청북도 충주시,수안보면,0,0.5532736947080487,1.0,73098256.52633119,81156,411.27667236328125,840.4534912109375,18.107315073906594
yecheon_2023,33020340,충청북도,충청북도 충주시,신니면,0,0.2665898924603833,1.0,59686975.66611429,55444,208.19229125976562,706.8113403320312,17.90462439151515
yecheon_2023,33020350,충청북도,충청북도 충주시,노은면,0,0.0,0.0,61680870.72027805,330,53.08120346069336,407.48321533203125,17.937484403855734
yecheon_2023,33020380,충청북도,충청북도 충주시,금가면,0,0.1655815379384353,1.0,33632834.72388727,13043,70.35557556152344,146.75933837890625,17.331013371686193
yecheon_2023,33020390,충청북도,충청북도 충주시,동량면,0,0.3272396004321084,1.0,109658403.03693442,66494,222.70724487304688,637.2566528320312,18.512880664975615
yecheon_2023,33020570,충청북도,충청북도 충주시,문화동,0,0.6817657337312333,1.0,1023170.211279788,1144,93.09335327148438,60.66472625732422,13.838416415531128
yecheon_2023,33020580,충청북도,충청북도 충주시,호암·직동,0,0.6158704849130016,1.0,14239416.417175183,15813,237.658447265625,543.3069458007812,16.471524481168377
yecheon_2023,33020600,충청북도,충청북도 충주시,달천동,0,0.7579405614348936,1.0,22861229.50276238,25371,120.01497650146484,369.4411926269531,16.944952998907482
yecheon_2023,33020610,충청북도,충청북도 충주시,봉방동,0,0.9619594759961132,1.0,3637980.5535160825,4047,70.173583984375,24.96045684814453,15.10693929266826
yecheon_2023,33020630,충청북도,충청북도 충주시,연수동,0,0.6228913306774553,1.0,5082345.847763931,5641,145.50143432617188,470.3174743652344,15.441283494022498
yecheon_2023,33020640,충청북도,충청북도 충주시,목행·용탄동,0,0.0861286219796035,0.4600000083446502,13475190.691115418,14943,162.79248046875,764.457763671875,16.416360826133445
yecheon_2023,33030310,충청북도,충청북도 제천시,금성면,0,0.0,0.0,68670524.33275701,1131,0.0,0.0,18.04483061611099
yecheon_2023,33030340,충청북도,충청북도 제천시,덕산면,0,0.5501695662700513,1.0,111620952.8092516,123905,530.5387573242188,1019.3021240234375,18.530619339475653
yecheon_2023,33030350,충청북도,충청북도 제천시,한수면,0,0.5417238709328999,1.0,74431643.61423224,82628,364.6718444824219,876.164794921875,18.12539172677711
yecheon_2023,33041320,충청북도,충청북도 청주시,미원면,0,0.8040941632271548,1.0,129128808.76876444,143387,321.4438171386719,476.953125,18.676320981726185
yecheon_2023,33041330,충청북도,충청북도 청주시,가덕면,0,0.813842843752282,1.0,49793184.0632401,19293,239.73345947265625,598.4552001953125,17.72338866642785
yecheon_2023,33041350,충청북도,충청북도 청주시,문의면,0,1.0,1.0,93036482.0639356,11,0.0,0.0,18.348502254453116
yecheon_2023,33520350,충청북도,충청북도 보은군,삼승면,0,0.6428727607350281,1.0,28261796.813968223,31374,203.2542266845703,511.9931335449219,17.157021514726974
yecheon_2023,33520360,충청북도,충청북도 보은군,수한면,0,0.5627272217109531,1.0,48846029.36353098,54264,289.9368896484375,425.50103759765625,17.704183650929036
yecheon_2023,33520370,충청북도,충청북도 보은군,회남면,0,0.7992210254857076,1.0,46630601.215995446,23133,210.3333282470703,555.7128295898438,17.65776756203176
yecheon_2023,33520380,충청북도,충청북도 보은군,회인면,0,0.8684745720919543,1.0,53956468.48103117,54116,222.8450927734375,570.1124267578125,17.803688140183414
yecheon_2023,33520390,충청북도,충청북도 보은군,내북면,0,0.8495019518136748,1.0,63170772.6187282,70154,323.5561218261719,429.7218017578125,17.961352293585716
yecheon_2023,33520400,충청북도,충청북도 보은군,산외면,0,0.6669842509671747,1.0,58614100.68299369,65085,345.3321228027344,690.466064453125,17.886485851591104
yecheon_2023,33530110,충청북도,충청북도 옥천군,옥천읍,0,0.5988293927115916,1.0,47807068.73503446,25380,139.11221313476562,399.8468017578125,17.68268406801437
yecheon_2023,33530310,충청북도,충청북도 옥천군,동이면,0,0.6137662840681318,1.0,60600814.22370526,54348,147.68344116210938,526.4351196289062,17.91981888698402
yecheon_2023,33530320,충청북도,충청북도 옥천군,안남면,0,0.613770263771419,1.0,31764818.839636423,35284,184.34100341796875,421.5246887207031,17.273869909522684
yecheon_2023,33530330,충청북도,충청북도 옥천군,안내면,0,0.7969788133527562,1.0,64791973.72030544,70896,228.4892120361328,646.478759765625,17.986692291309964
yecheon_2023,33530340,충청북도,충청북도 옥천군,청성면,0,0.510613547210662,1.0,83378014.0507092,91028,213.539306640625,573.906982421875,18.238895212079893
yecheon_2023,33530350,충청북도,충청북도 옥천군,청산면,0,0.4277769961963082,1.0,72990574.68493602,81048,224.7090301513672,667.521240234375,18.10584087687176
yecheon_2023,33540320,충청북도,충청북도 영동군,황간면,0,0.7895488949718708,1.0,90412414.96199954,6606,282.47503662109375,859.9989013671875,18.31989214958344
yecheon_2023,33540400,충청북도,충청북도 영동군,심천면,0,1.0,1.0,78065929.55442572,126,0.0,0.0,18.17306427832843
yecheon_2023,33550320,충청북도,충청북도 진천군,초평면,0,0.9892529002198488,1.0,76403018.57144257,4310,24.457176208496094,309.4529113769531,18.151532763453663
yecheon_2023,33560110,충청북도,충청북도 괴산군,괴산읍,0,0.4883967304713284,1.0,49353701.06673528,54813,177.68052673339844,400.76788330078125,17.714523317318115
yecheon_2023,33560310,충청북도,충청북도 괴산군,감물면,0,0.5081165054205269,1.0,42630710.85824906,47311,227.10177612304688,719.5045166015625,17.568085463672716
yecheon_2023,33560320,충청북도,충청북도 괴산군,장연면,0,0.5980163079766256,1.0,61411072.27533792,68186,288.5174255371094,737.822998046875,17.933100707077063
yecheon_2023,33560330,충청북도,충청북도 괴산군,연풍면,0,0.6490220645930357,1.0,93346330.6932733,103647,457.06402587890625,881.1126098632812,18.351827120197928
yecheon_2023,33560340,충청북도,충청북도 괴산군,칠성면,0,0.538365617569599,1.0,102243567.31661353,113523,368.3262023925781,837.417724609375,18.44286843957922
yecheon_2023,33560350,충청북도,충청북도 괴산군,문광면,0,0.7814962868508846,1.0,56046887.63972557,62234,258.4140319824219,478.4986572265625,17.84169917765747
yecheon_2023,33560360,충청북도,충청북도 괴산군,청천면,0,0.5483234840913449,1.0,208786408.6549629,231838,345.4231262207031,849.6246337890625,19.156822319205496
yecheon_2023,37040360,경상북도,경상북도 안동시,남후면,0,0.8298322148903629,1.0,64384329.604150325,71461,166.8097381591797,299.8332214355469,17.980380832337147
yecheon_2023,37040370,경상북도,경상북도 안동시,남선면,0,0.6246454485700876,1.0,59355452.98427537,65886,228.6503448486328,476.05877685546875,17.899054553220203
yecheon_2023,37040380,경상북도,경상북도 안동시,임하면,0,0.3775045751351848,1.0,92593845.673379,102732,214.6296844482422,490.0334167480469,18.343733235997156
yecheon_2023,37040390,경상북도,경상북도 안동시,길안면,0,0.3483472873916421,1.0,202430789.66208667,119204,337.7898254394531,826.2084350585938,19.125908606644476
yecheon_2023,37040400,경상북도,경상북도 안동시,임동면,0,0.2053818332212091,1.0,152207821.99000278,53636,207.0470733642578,401.31103515625,18.84075739490968
yecheon_2023,37040630,경상북도,경상북도 안동시,강남동,0,0.4590457714269058,1.0,19531683.40935435,21651,139.50535583496094,225.450927734375,16.787548495213684
yecheon_2023,37050330,경상북도,경상북도 구미시,도개면,0,0.7318240170690226,1.0,60884458.9575884,55926,134.97201538085938,669.1373291015625,17.924488510583167
yecheon_2023,33020510,충청북도,충청북도 충주시,성내·충인동,0,0.937693693992254,1.0,500751.65306796145,555,91.78772735595703,20.268348693847656,13.123865554706763
yecheon_2023,33020540,충청북도,충청북도 충주시,교현2동,0,0.8983556007677335,1.0,872602.4147669512,973,85.82701873779297,24.176742553710938,13.67923530699185
yecheon_2023,33520110,충청북도,충청북도 보은군,보은읍,0,0.4967839905668926,1.0,62331604.95053997,69210,226.9730987548828,451.22711181640625,17.947979157700118
yecheon_2023,33520310,충청북도,충청북도 보은군,속리산면,0,0.3844930800047023,1.0,92321232.54777332,102531,466.4486389160156,809.9765625,18.34078471145571
yecheon_2023,33520320,충청북도,충청북도 보은군,장안면,0,0.4448505454942528,1.0,29806791.46279137,33087,289.1145935058594,699.0035400390625,17.210246826945998
yecheon_2023,33520330,충청북도,충청북도 보은군,마로면,0,0.532712134929165,1.0,68206603.27328905,75730,263.5561218261719,738.6175537109375,18.038051940315714
yecheon_2023,37060110,경상북도,경상북도 영주시,풍기읍,0,0.5175403077728234,1.0,76780591.06307657,85218,585.5888671875,1251.751220703125,18.15646244564583
yecheon_2023,37060310,경상북도,경상북도 영주시,이산면,0,0.3181541631648819,1.0,54200253.30937854,60157,212.53173828125,243.7100830078125,17.808196140003723
yecheon_2023,37060320,경상북도,경상북도 영주시,평은면,0,0.2877478119436215,1.0,63123499.27191676,70043,257.6283874511719,466.45703125,17.960603671366965
yecheon_2023,37060330,경상북도,경상북도 영주시,문수면,0,0.2736823274523037,1.0,42065834.749632224,46677,180.38734436035156,218.93055725097656,17.554746443050014
yecheon_2023,33030320,충청북도,충청북도 제천시,청풍면,0,0.3554764930303279,1.0,92251435.7296291,79445,218.56922912597656,894.4328002929688,18.340028404228615
yecheon_2023,37080520,경상북도,경상북도 상주시,남원동,0,0.4094181817001965,1.0,27741241.761356123,30800,175.87025451660156,662.535400390625,17.13843073613732
yecheon_2023,37080530,경상북도,경상북도 상주시,북문동,0,0.6247358548703856,1.0,14414448.16148896,15995,112.7499008178711,378.6626281738281,16.48374160608037
yecheon_2023,37080540,경상북도,경상북도 상주시,계림동,0,0.8052876138656718,1.0,11651307.693898832,12934,57.70933532714844,128.67083740234375,16.270928980079937
yecheon_2023,37080560,경상북도,경상북도 상주시,동성동,0,0.5641621827477908,1.0,11722807.182170374,13010,169.97409057617188,507.10955810546875,16.277046834095646
yecheon_2023,37080570,경상북도,경상북도 상주시,신흥동,0,0.6116757380051117,1.0,25478236.542762067,28292,197.0829315185547,733.7888793945312,17.053335176805415
yecheon_2023,33020430,충청북도,충청북도 충주시,대소원면,0,0.6105383109532743,1.0,62155891.26420419,69012,180.51348876953125,460.54754638671875,17.945156162485794
yecheon_2023,33020440,충청북도,충청북도 충주시,중앙탑면,0,0.1954397957009819,0.959999978542328,47642162.69306593,17258,121.1318359375,295.3997497558594,17.67922869800087
yecheon_2023,33020620,충청북도,충청북도 충주시,칠금·금릉동,0,0.7368340065785594,1.0,5790146.926810666,6434,82.9388198852539,175.1410675048828,15.571668225187604
yecheon_2023,33041310,충청북도,충청북도 청주시,낭성면,0,0.8722594330352064,1.0,59354245.91547736,53925,297.70281982421875,591.3609619140625,17.8990342167387
yecheon_2023,33530380,충청북도,충청북도 옥천군,군북면,0,0.8258028275945177,1.0,67260795.65485482,21991,152.38809204101562,507.5711364746094,18.024088093746347
yecheon_2023,33540310,충청북도,충청북도 영동군,용산면,0,0.5091133583299103,1.0,67620382.5801553,25512,192.4920654296875,460.90985107421875,18.02942001302386
yecheon_2023,33560370,충청북도,충청북도 괴산군,청안면,0,0.6303639447064989,1.0,70834656.09150997,78693,268.545654296875,545.5098876953125,18.075858931719356
yecheon_2023,33560380,충청북도,충청북도 괴산군,사리면,0,0.4666152608789268,1.0,50511454.695004545,56090,233.9932098388672,529.5938110351562,17.737710694168197
yecheon_2023,33560390,충청북도,충청북도 괴산군,소수면,0,0.4099812089825108,1.0,46490435.9043238,51621,259.7218322753906,422.1340026855469,17.65475716992575
yecheon_2023,33560400,충청북도,충청북도 괴산군,불정면,0,0.6006630926627987,1.0,60501748.9395626,67170,193.8048553466797,437.1745300292969,17.918182830675182
yecheon_2023,33570110,충청북도,충청북도 음성군,음성읍,0,0.386036581967502,1.0,86161719.21479572,95675,246.81822204589844,698.14208984375,18.271736544359804
yecheon_2023,33570120,충청북도,충청북도 음성군,금왕읍,0,0.3637677181539853,1.0,71200430.4407249,41906,150.64584350585938,559.0728759765625,18.081009421879727
yecheon_2023,37090110,경상북도,경상북도 문경시,문경읍,0,0.4343521739039771,1.0,155663182.01480097,172801,478.4098815917969,968.3052368164062,18.863205141370614
yecheon_2023,37090120,경상북도,경상북도 문경시,가은읍,0,0.5234229593649341,1.0,153495057.90041846,170411,410.29058837890625,862.6656494140625,18.84917892838474
yecheon_2023,37090590,경상북도,경상북도 문경시,점촌3동,0,0.8341209879993371,1.0,9035158.651704269,10034,106.77030944824219,202.44537353515625,16.016634041533795
yecheon_2023,37090600,경상북도,경상북도 문경시,점촌4동,0,0.8079973966374594,1.0,29768038.862705648,33042,211.70909118652344,566.0477294921875,17.208945854527283
yecheon_2023,33520340,충청북도,충청북도 보은군,탄부면,0,0.6132698446052509,1.0,31580075.239598814,35072,179.2958526611328,322.51727294921875,17.26803694929681
yecheon_2023,37080440,경상북도,경상북도 상주시,은척면,0,0.4338239309966883,1.0,54083867.994160704,60056,308.3236999511719,714.49853515625,17.806046510701957
yecheon_2023,37080450,경상북도,경상북도 상주시,공검면,0,0.6510586936134861,1.0,39438231.923724726,43752,116.58264923095703,353.2295837402344,17.49024625717367
yecheon_2023,37080460,경상북도,경상북도 상주시,이안면,0,0.4718982414260908,1.0,52562049.81073087,58354,193.48936462402344,697.94482421875,17.7775049308233
yecheon_2023,37080470,경상북도,경상북도 상주시,화남면,0,0.3758393521854206,1.0,54623267.69723947,60642,388.5266418457031,705.11962890625,17.815970498240823
yecheon_2023,33580110,충청북도,충청북도 단양군,단양읍,0,0.6830877293726719,1.0,75796366.18383299,84133,499.1497802734375,1269.49267578125,18.143560909936195
yecheon_2023,33580320,충청북도,충청북도 단양군,대강면,0,0.3777215730913323,1.0,134124397.61016747,148822,621.3049926757812,1201.38427734375,18.714278267648144
yecheon_2023,33580330,충청북도,충청북도 단양군,가곡면,0,0.2165218080146153,0.9700000286102296,104564274.22588085,75568,541.4986572265625,1434.511474609375,18.465312504657074
yecheon_2023,33580340,충청북도,충청북도 단양군,영춘면,0,0.1124950201127216,0.5699999928474426,180628411.73697597,29118,640.6111450195312,1372.1883544921875,19.011952505161794
yecheon_2023,37040110,경상북도,경상북도 안동시,풍산읍,0,0.4194321616926628,1.0,96521338.36376493,107108,160.43609619140625,555.9083862304688,18.38527466480571
yecheon_2023,37040310,경상북도,경상북도 안동시,와룡면,0,0.3018805396728727,1.0,114918111.5104362,127490,224.50160217285156,349.5306701660156,18.55973035886025
yecheon_2023,37040320,경상북도,경상북도 안동시,북후면,0,0.3079231843206849,1.0,77317092.62900402,85790,280.26507568359375,767.1452026367188,18.163425609799766
yecheon_2023,37040330,경상북도,경상북도 안동시,서후면,0,0.3461780441714875,1.0,65013013.40193039,72128,219.5206756591797,754.8692626953125,17.99009801400487
yecheon_2023,37040340,경상북도,경상북도 안동시,풍천면,0,0.8023474114457284,1.0,95005203.56471108,105431,156.47381591796875,413.301025390625,18.369442222430134
yecheon_2023,37040350,경상북도,경상북도 안동시,일직면,0,0.8565954440745067,1.0,85701627.20336206,95102,198.05958557128906,353.94287109375,18.26638237059151
yecheon_2023,37520110,경상북도,경상북도 의성군,의성읍,0,0.8455832440888819,1.0,68271906.87236421,75766,151.734619140625,401.7810363769531,18.039008920341203
yecheon_2023,37520340,경상북도,경상북도 의성군,사곡면,0,0.7625992141272218,1.0,72711019.3650415,66270,220.922119140625,536.0914916992188,18.10200350412694
yecheon_2023,37520420,경상북도,경상북도 의성군,단북면,0,0.9610480357361448,1.0,23933082.23945741,26564,52.20048904418945,76.04487609863281,16.990772253907735
yecheon_2023,37520430,경상북도,경상북도 의성군,안계면,0,0.8750938918831087,1.0,43724005.67619878,48513,101.53340148925781,348.2836608886719,17.59340783821469
yecheon_2023,37610350,경상북도,경상북도 봉화군,소천면,0,0.0,0.0,262976913.35948285,6024,590.2518920898438,1176.257080078125,19.387576804385876
yecheon_2023,37040620,경상북도,경상북도 안동시,서구동,0,0.7530011649597392,1.0,1537984.281590131,1716,106.6817626953125,131.54290771484375,14.245983208963077
yecheon_2023,33020560,충청북도,충청북도 충주시,지현동,0,0.5519344266290304,1.0,553582.7818421135,610,107.40464782714844,43.973907470703125,13.224166580638101
yecheon_2023,37040410,경상북도,경상북도 안동시,예안면,0,0.3783886524345497,1.0,164255841.00447908,97465,247.96685791015625,820.7691650390625,18.916935776367797
yecheon_2023,37040420,경상북도,경상북도 안동시,도산면,0,0.2852743348140168,1.0,103280820.66515894,114568,309.22509765625,844.2637939453125,18.452962250493158
yecheon_2023,37040430,경상북도,경상북도 안동시,녹전면,0,0.3196149581952526,1.0,71573687.816217,79420,293.9853820800781,509.957275390625,18.08623807579007
yecheon_2023,37040510,경상북도,경상북도 안동시,중구동,0,0.584647760358636,1.0,4012163.8158827582,4443,134.64697265625,199.82040405273438,15.204841258706642
yecheon_2023,37040520,경상북도,경상북도 안동시,명륜동,0,0.2777035224238631,1.0,7730591.547502228,8574,186.2202911376953,161.16050720214844,15.86069594383255
yecheon_2023,37040540,경상북도,경상북도 안동시,용상동,0,0.4202105120593798,1.0,26710813.26086082,29642,181.32040405273438,283.6810302734375,17.100579032427216
yecheon_2023,37040560,경상북도,경상북도 안동시,태화동,0,0.7480874524724461,1.0,2369055.035850809,2630,101.71019744873047,84.91058349609375,14.678001714551446
yecheon_2023,37040580,경상북도,경상북도 안동시,평화동,0,0.4762526993533157,1.0,835226.8904003324,926,132.34983825683594,106.12653350830078,13.63545869195277
yecheon_2023,37060340,경상북도,경상북도 영주시,장수면,0,0.3461351628817568,1.0,41970456.76056376,46566,171.6095428466797,444.6540222167969,17.55247651827566
yecheon_2023,37060350,경상북도,경상북도 영주시,안정면,0,0.4089081578819094,1.0,43903921.90230268,48725,219.4184112548828,491.22882080078125,17.597514211237364
yecheon_2023,37060360,경상북도,경상북도 영주시,봉현면,0,0.4229413087094985,1.0,51977052.46318628,57692,439.767822265625,963.106689453125,17.766312880359855
yecheon_2023,37060370,경상북도,경상북도 영주시,순흥면,0,0.5336114558640729,1.0,54309096.74651083,60261,508.90460205078125,1268.0478515625,17.81020229843304
yecheon_2023,37060380,경상북도,경상북도 영주시,단산면,0,0.409923515028492,1.0,92265262.7478348,90607,424.61932373046875,1333.0390625,18.34017827704062
yecheon_2023,37060390,경상북도,경상북도 영주시,부석면,0,0.2346909737790739,1.0,91837196.25670756,81320,369.287353515625,957.8590698242188,18.3355279615058
yecheon_2023,37060510,경상북도,경상북도 영주시,상망동,0,0.3017969821640978,1.0,17079622.0581805,18954,207.5069122314453,197.98561096191406,16.653396618338686
yecheon_2023,37060530,경상북도,경상북도 영주시,하망동,0,0.4850409276463284,1.0,1324236.234142369,1466,162.1739501953125,78.88986206054688,14.096346424142148
yecheon_2023,33580120,충청북도,충청북도 단양군,매포읍,0,0.2729826519223904,1.0,66255684.276124574,21444,198.90463256835938,556.3926391601562,18.009031819544294
yecheon_2023,37520310,경상북도,경상북도 의성군,단촌면,0,0.8004498125522431,1.0,73473925.26131238,81523,227.4157257080078,442.6817626953125,18.112441142891942
yecheon_2023,37520320,경상북도,경상북도 의성군,점곡면,0,0.3898056328931177,1.0,65389615.15796783,72543,259.7607727050781,373.22705078125,17.9958740141855
yecheon_2023,37520330,경상북도,경상북도 의성군,옥산면,0,0.5562150045537823,1.0,103570112.37641768,114909,379.2637939453125,665.2113037109375,18.455759355593127
yecheon_2023,22520111,대구광역시,대구광역시 군위군,군위읍,0,0.8316897807135111,1.0,83683259.63979402,3533,132.6948699951172,260.3263854980469,18.24254951115264
yecheon_2023,22520311,대구광역시,대구광역시 군위군,소보면,0,0.8666904987840555,1.0,99929350.00550112,37906,159.32192993164062,681.4535522460938,18.41997399431868
yecheon_2023,37060550,경상북도,경상북도 영주시,영주1동,0,0.6358362670518903,1.0,1022432.2159471278,1136,164.88986206054688,135.77880859375,13.837694872229404
yecheon_2023,37060580,경상북도,경상북도 영주시,영주2동,0,0.8559273798987489,1.0,923285.4852779176,1019,141.76632690429688,44.61639404296875,13.735693767154013
yecheon_2023,37060590,경상북도,경상북도 영주시,휴천1동,0,0.3169201781938784,1.0,5268478.121958147,5838,187.1380615234375,148.38192749023438,15.477252097400047
yecheon_2023,37060600,경상북도,경상북도 영주시,휴천2동,0,0.7255115658301674,1.0,2021765.753129896,2248,143.33978271484375,61.8984375,14.519481822756521
yecheon_2023,37060610,경상북도,경상북도 영주시,휴천3동,0,0.3860340608915859,1.0,9573027.635334,10628,171.0302276611328,154.2874755859375,16.074460080724073
yecheon_2023,37060620,경상북도,경상북도 영주시,가흥1동,0,0.3901208498780264,1.0,6497547.514445262,7199,169.91102600097656,135.198486328125,15.686935358198287
yecheon_2023,37060630,경상북도,경상북도 영주시,가흥2동,0,0.5491746932826378,1.0,17110113.558240402,18999,174.55245971679688,180.38485717773438,16.655180282797865
